#
# A fatal error has been detected by the Java Runtime Environment:
#
#  SIGSEGV (0xb) at pc=0x000000010b42cb0e, pid=33488, tid=33539
#
# JRE version: OpenJDK Runtime Environment Homebrew (24.0.1) (build 24.0.1)
# Java VM: OpenJDK 64-Bit Server VM Homebrew (24.0.1, mixed mode, sharing, tiered, compressed oops, compressed class ptrs, g1 gc, bsd-amd64)
# Problematic frame:
# V  [libjvm.dylib+0x3b1b0e]  G1ParScanThreadState::trim_queue_to_threshold(unsigned int)+0x2c2
#
# No core dump will be written. Core dumps have been disabled. To enable core dumping, try "ulimit -c unlimited" before starting Java again
#
# If you would like to submit a bug report, please visit:
#   https://github.com/Homebrew/homebrew-core/issues
#

---------------  S U M M A R Y ------------

Command Line: /Users/ducphuong/Tài liệu học tập/VAIC/backend/target/surefire/surefirebooter-20260718113329866_3.jar /Users/ducphuong/Tài liệu học tập/VAIC/backend/target/surefire 2026-07-18T11-33-29_774-jvmRun1 surefire-20260718113329866_1tmp surefire_0-20260718113329866_2tmp

Host: "MacBookPro15,2" x86_64 2700 MHz, 8 cores, 16G, Darwin 24.5.0, macOS 15.5 (24F74)
Time: Sat Jul 18 11:33:42 2026 +07 elapsed time: 12.509748 seconds (0d 0h 0m 12s)

---------------  T H R E A D  ---------------

Current thread (0x00007ff5d6fff6a0):  WorkerThread "GC Thread#4"    [id=33539, stack(0x00007000080d7000,0x00007000081d7000) (1024K)]

Stack: [0x00007000080d7000,0x00007000081d7000],  sp=0x00007000081d6b40,  free space=1022k
Native frames: (J=compiled Java code, j=interpreted, Vv=VM code, C=native code)
V  [libjvm.dylib+0x3b1b0e]  G1ParScanThreadState::trim_queue_to_threshold(unsigned int)+0x2c2
V  [libjvm.dylib+0x3bc77e]  G1ScanHRForRegionClosure::scan_memregion(unsigned int, MemRegion)+0xd4
V  [libjvm.dylib+0x3bc698]  G1ScanHRForRegionClosure::do_claimed_block(unsigned int, unsigned char*, unsigned char*)+0x96
V  [libjvm.dylib+0x3bc525]  void G1ScanHRForRegionClosure::ChunkScanner::on_dirty_cards<G1ScanHRForRegionClosure::scan_heap_roots(G1HeapRegion*)::'lambda'(unsigned char*, unsigned char*)>(G1ScanHRForRegionClosure::scan_heap_roots(G1HeapRegion*)::'lambda'(unsigned char*, unsigned char*)&&)+0x4f
V  [libjvm.dylib+0x3bc41f]  G1ScanHRForRegionClosure::scan_heap_roots(G1HeapRegion*)+0xf3
V  [libjvm.dylib+0x3bc316]  G1ScanHRForRegionClosure::do_heap_region(G1HeapRegion*)+0x50
V  [libjvm.dylib+0x3bb408]  G1RemSetScanState::iterate_dirty_regions_from(G1HeapRegionClosure*, unsigned int)+0x5c
V  [libjvm.dylib+0x3bb2dc]  G1RemSet::scan_heap_roots(G1ParScanThreadState*, unsigned int, G1GCPhaseTimes::GCParPhases, G1GCPhaseTimes::GCParPhases, bool)+0xca
V  [libjvm.dylib+0x3cd7bc]  G1EvacuateRegionsTask::scan_roots(G1ParScanThreadState*, unsigned int)+0x46
V  [libjvm.dylib+0x3cd6c2]  G1EvacuateRegionsBaseTask::work(unsigned int)+0x82
V  [libjvm.dylib+0x94dda6]  WorkerTaskDispatcher::worker_run_task()+0x4c
V  [libjvm.dylib+0x94e165]  WorkerThread::run()+0x1f
V  [libjvm.dylib+0x8bb18f]  Thread::call_run()+0x71
V  [libjvm.dylib+0x6ec32e]  thread_native_entry(Thread*)+0xc3
C  [libsystem_pthread.dylib+0x5df1]  _pthread_start+0x63
C  [libsystem_pthread.dylib+0x1857]  thread_start+0xf

siginfo: si_signo: 11 (SIGSEGV), si_code: 1 (SEGV_MAPERR), si_addr: 0x0000000000000020

Registers:
RAX=0x0000000000000003, RBX=0x0000000000000040, RCX=0x00007ff5d701e600, RDX=0x0000000000000020
RSP=0x00007000081d6b40, RBP=0x00007000081d6b70, RSI=0x0000000000000000, RDI=0x0000000000000000
R8 =0x0000000000000000, R9 =0x0000000000000008, R10=0x0000000700000000, R11=0x00007ff5da7cdee0
R12=0x000000000001ffff, R13=0x000000010bc1ec70, R14=0x00007ff5da7cdee0, R15=0x000000070a76e375
RIP=0x000000010b42cb0e, EFLAGS=0x0000000000010246, ERR=0x0000000000000004
  TRAPNO=0x000000000000000e


Register to memory mapping:

RAX=0x0000000000000003 is an unknown value
RBX=0x0000000000000040 is an unknown value
RCX=0x00007ff5d701e600 points into unknown readable memory: 0x0000000000000000 | 00 00 00 00 00 00 00 00
RDX=0x0000000000000020 is an unknown value
RSP=0x00007000081d6b40 points into unknown readable memory: 0x00000002e91f8a18 | 18 8a 1f e9 02 00 00 00
RBP=0x00007000081d6b70 points into unknown readable memory: 0x00007000081d6be0 | e0 6b 1d 08 00 70 00 00
RSI=0x0 is null
RDI=0x0 is null
R8 =0x0 is null
R9 =0x0000000000000008 is an unknown value
R10=0x0000000700000000 is an oop: [B 
{0x0000000700000000} - klass: {type array byte} - flags: is_cloneable_fast 

 - length: 1593384
 -   0: 50 P
 -   1: 4b K
 -   2: 1  
 -   3: 2  
 -   4: 14  
 -   5: 3  
 -   6: a  
 -   7: 0  
 -   8: 0  
 -   9: 8  
 -  10: 8  
 -  11: 0  
 -  12: 50 P
 -  13: ffffff85  
 -  14: 74 t
 -  15: 59 Y
 -  16: 0  
 -  17: 0  
 -  18: 0  
 -  19: 0  
 -  20: 2  
 -  21: 0  
 -  22: 0  
 -  23: 0  
 -  24: 0  
 -  25: 0  
 -  26: 0  
 -  27: 0  
 -  28: 9  
 -  29: 0  
 -  30: 0  
 -  31: 0  
 -  32: 0  
 -  33: 0  
 -  34: 0  
 -  35: 0  
 -  36: 0  
 -  37: 0  
 -  38: 10  
 -  39: 0  
 -  40: ffffffed  
 -  41: 41 A
 -  42: 0  
 -  43: 0  
 -  44: 0  
 -  45: 0  
 -  46: 4d M
 -  47: 45 E
 -  48: 54 T
 -  49: 41 A
 -  50: 2d -
 -  51: 49 I
 -  52: 4e N
 -  53: 46 F
 -  54: 2f /
 -  55: 50 P
 -  56: 4b K
 -  57: 1  
 -  58: 2  
 -  59: 14  
 -  60: 3  
 -  61: a  
 -  62: 0  
 -  63: 0  
 -  64: 8  
 -  65: 8  
 -  66: 0  
 -  67: 50 P
 -  68: ffffff85  
 -  69: 74 t
 -  70: 59 Y
 -  71: 61 a
 -  72: fffffff7  
 -  73: ffffffa8  
 -  74: 76 v
 -  75: 30 0
 -  76: 0  
 -  77: 0  
 -  78: 0  
 -  79: 39 9
 -  80: 0  
 -  81: 0  
 -  82: 0  
 -  83: 14  
 -  84: 0  
 -  85: 0  
 -  86: 0  
 -  87: 0  
 -  88: 0  
 -  89: 0  
 -  90: 0  
 -  91: 0  
 -  92: 0  
 -  93: 0  
 -  94: 0  
 -  95: ffffffa4  
 -  96: ffffff81  
 -  97: 29 )
 -  98: 0  
 -  99: 0  
 - 100: 0  
 - 101: 4d M
 - 102: 45 E
 - 103: 54 T
 - 104: 41 A
 - 105: 2d -
 - 106: 49 I
 - 107: 4e N
 - 108: 46 F
 - 109: 2f /
 - 110: 4d M
 - 111: 41 A
 - 112: 4e N
 - 113: 49 I
 - 114: 46 F
 - 115: 45 E
 - 116: 53 S
 - 117: 54 T
 - 118: 2e .
 - 119: 4d M
 - 120: 46 F
 - 121: 50 P
 - 122: 4b K
 - 123: 1  
 - 124: 2  
 - 125: 14  
 - 126: 3  
 - 127: a  
 - 128: 0  
 - 129: 0  
 - 130: 8  
 - 131: 8  
 - 132: 0  
 - 133: ffffffef  
 - 134: ffffff84  
 - 135: 74 t
 - 136: 59 Y
 - 137: 0  
 - 138: 0  
 - 139: 0  
 - 140: 0  
 - 141: 2  
 - 142: 0  
 - 143: 0  
 - 144: 0  
 - 145: 0  
 - 146: 0  
 - 147: 0  
 - 148: 0  
 - 149: 4  
 - 150: 0  
 - 151: 0  
 - 152: 0  
 - 153: 0  
 - 154: 0  
 - 155: 0  
 - 156: 0  
 - 157: 0  
 - 158: 0  
 - 159: 10  
 - 160: 0  
 - 161: ffffffed  
 - 162: 41 A
 - 163: ffffff8b  
 - 164: 0  
 - 165: 0  
 - 166: 0  
 - 167: 6f o
 - 168: 72 r
 - 169: 67 g
 - 170: 2f /
 - 171: 50 P
 - 172: 4b K
 - 173: 1  
 - 174: 2  
 - 175: 14  
 - 176: 3  
 - 177: a  
 - 178: 0  
 - 179: 0  
 - 180: 8  
 - 181: 8  
 - 182: 0  
 - 183: ffffffef  
 - 184: ffffff84  
 - 185: 74 t
 - 186: 59 Y
 - 187: 0  
 - 188: 0  
 - 189: 0  
 - 190: 0  
 - 191: 2  
 - 192: 0  
 - 193: 0  
 - 194: 0  
 - 195: 0  
 - 196: 0  
 - 197: 0  
 - 198: 0  
 - 199: 13  
 - 200: 0  
 - 201: 0  
 - 202: 0  
 - 203: 0  
 - 204: 0  
 - 205: 0  
 - 206: 0  
 - 207: 0  
 - 208: 0  
 - 209: 10  
 - 210: 0  
 - 211: ffffffed  
 - 212: 41 A
 - 213: ffffffaf  
 - 214: 0  
 - 215: 0  
 - 216: 0  
 - 217: 6f o
 - 218: 72 r
 - 219: 67 g
 - 220: 2f /
 - 221: 74 t
 - 222: 65 e
 - 223: 73 s
 - 224: 74 t
 - 225: 63 c
 - 226: 6f o
 - 227: 6e n
 - 228: 74 t
 - 229: 61 a
 - 230: 69 i
 - 231: 6e n
 - 232: 65 e
 - 233: 72 r
 - 234: 73 s
 - 235: 2f /
 - 236: 50 P
 - 237: 4b K
 - 238: 1  
 - 239: 2  
 - 240: 14  
 - 241: 3  
 - 242: a  
 - 243: 0  
 - 244: 0  
 - 245: 8  
 - 246: 8  
 - 247: 0  
 - 248: ffffffef  
 - 249: ffffff84  
 - 250: 74 t
 - 251: 59 Y
 - 252: 0  
 - 253: 0  
 - 254: 0  
 - 255: 0  
 - <1593128 more elements, increase MaxElementPrintSize to print>
R11=0x00007ff5da7cdee0 points into unknown readable memory: 0x000000010bbcc9d8 | d8 c9 bc 0b 01 00 00 00
R12=0x000000000001ffff is an unknown value
R13=0x000000010bc1ec70: _ZN14CompressedOops6_shiftE+0 in /usr/local/Cellar/openjdk/24.0.1/libexec/openjdk.jdk/Contents/Home/lib/server/libjvm.dylib at 0x000000010b07b000
R14=0x00007ff5da7cdee0 points into unknown readable memory: 0x000000010bbcc9d8 | d8 c9 bc 0b 01 00 00 00
R15=
[error occurred during error reporting (printing register info), id 0xb, SIGSEGV (0xb) at pc=0x000000010b438304]

Top of Stack: (sp=0x00007000081d6b40)
0x00007000081d6b40:   00000002e91f8a18 0000000700b6c210   ................
0x00007000081d6b50:   00000007e38ef4d9 00007000081d6b88   .........k...p..
0x00007000081d6b60:   00007ff5da7cdee0 00000002e91f8a18   ..|.............
0x00007000081d6b70:   00007000081d6be0 000000010b43777e   .k...p..~wC.....
0x00007000081d6b80:   0000000000000000 000000010bbcce10   ................
0x00007000081d6b90:   0000000000000000 00007ff5d700a000   ................
0x00007000081d6ba0:   00007ff5da7cdee0 00007000081d6de8   ..|......m...p..
0x00007000081d6bb0:   00000000000003c0 000000000000000f   ................
0x00007000081d6bc0:   0000000700b6a400 00007000081d6c88   .........l...p..
0x00007000081d6bd0:   00007000081d6d98 0000000000000005   .m...p..........
0x00007000081d6be0:   00007000081d6c10 000000010b437698   .l...p...vC.....
0x00007000081d6bf0:   00007000081d6c88 000000010a805b52   .l...p..R[......
0x00007000081d6c00:   00007000081d6c78 000000010a805b61   xl...p..a[......
0x00007000081d6c10:   00007000081d6c40 000000010b437525   @l...p..%uC.....
0x00007000081d6c20:   00007000081d6d98 00007000081d6c78   .m...p..xl...p..
0x00007000081d6c30:   00007000081d6cb4 00007000081d6ca0   .l...p...l...p..
0x00007000081d6c40:   00007000081d6ce0 000000010b43741f   .l...p...tC.....
0x00007000081d6c50:   00007ff5d6fffa50 00007ff5d6fffa80   P...............
0x00007000081d6c60:   00007ff5d6fffa90 00007ff5d6fffe68   ........h.......
0x00007000081d6c70:   00000000000003d8 000000010a805b40   ........@[......
0x00007000081d6c80:   000000010a805b80 00007000081d6d98   .[.......m...p..
0x00007000081d6c90:   00007000081d6cb4 00007ff5d6fffa50   .l...p..P.......
0x00007000081d6ca0:   00007ff5d6f1f6b0 00000b4000000005   ............@...
0x00007000081d6cb0:   00000005081d6ce0 00007ff5d79070e0   .l.......p......
0x00007000081d6cc0:   00007ff5d700a000 0000000000000027   ........'.......
0x00007000081d6cd0:   00007000081d6d98 00007000081d6cf8   .m...p...l...p..
0x00007000081d6ce0:   00007000081d6d40 000000010b437316   @m...p...sC.....
0x00007000081d6cf0:   00007000081d6d30 00007ff5da7cdee0   0m...p....|.....
0x00007000081d6d00:   00000002e911bbbe 00000007e3698339   ........9.i.....
0x00007000081d6d10:   00007000081d6df0 00007000081d6e00   .m...p...n...p..
0x00007000081d6d20:   0000000000000000 00007000081d6d98   .........m...p..
0x00007000081d6d30:   00007ff5d6f1f6b0 000000000000002c   ........,.......

Instructions: (pc=0x000000010b42cb0e)
  0x000000010b42ca0e:   00 00 89 c1 2b 8f 00 01 00 00 81 e1 ff ff 01 00
  0x000000010b42ca1e:   39 d9 0f 86 02 02 00 00 48 8d 97 00 01 00 00 44
  0x000000010b42ca2e:   01 e0 89 c6 44 21 e6 89 b7 80 00 00 00 f0 83 04
  0x000000010b42ca3e:   24 00 48 8b 8f 80 01 00 00 4c 8b 3c f1 2b 87 00
  0x000000010b42ca4e:   01 00 00 44 21 e0 44 39 e0 74 04 85 c0 75 3e 48
  0x000000010b42ca5e:   8b 0a 48 89 cf 48 b8 00 00 00 00 ff ff ff ff 48
  0x000000010b42ca6e:   21 c7 48 09 f7 48 b8 00 00 00 00 01 00 00 00 48
  0x000000010b42ca7e:   01 c7 39 ce 0f 85 97 01 00 00 48 89 c8 f0 48 0f
  0x000000010b42ca8e:   b1 3a 48 39 c8 0f 85 86 01 00 00 8b 02 41 f6 c7
  0x000000010b42ca9e:   01 75 1e 41 f6 c7 03 0f 84 83 00 00 00 49 83 c7
  0x000000010b42caae:   fe 4c 89 f7 4c 89 fe e8 a0 18 00 00 e9 0e 01 00
  0x000000010b42cabe:   00 41 8b 57 ff 48 8d 05 9e 21 7f 00 48 8b 38 41
  0x000000010b42cace:   8b 45 00 89 c1 48 d3 e2 48 01 fa 49 8b 76 08 8a
  0x000000010b42cade:   8e 08 06 00 00 49 89 d0 49 d3 e8 48 8b 8e f8 05
  0x000000010b42caee:   00 00 4b 8d 34 40 44 0f b7 04 31 0f b6 74 31 02
  0x000000010b42cafe:   c1 e6 10 44 09 c6 0f ba e6 0f 0f 82 bf 00 00 00
=>0x000000010b42cb0e:   48 8b 0a 41 89 c8 41 83 e0 07 41 83 f8 03 72 5f
  0x000000010b42cb1e:   48 89 ce 48 83 e6 fc f6 c1 04 48 0f 44 d6 eb 68
  0x000000010b42cb2e:   49 8b 17 49 8b 46 08 8a 88 08 06 00 00 48 89 d6
  0x000000010b42cb3e:   48 d3 ee 48 8b 80 f8 05 00 00 48 8d 0c 76 0f b7
  0x000000010b42cb4e:   3c 08 0f b6 74 08 02 c1 e6 10 09 fe 0f ba e6 0f
  0x000000010b42cb5e:   72 6d 48 8b 0a 89 c8 83 e0 07 83 f8 03 72 47 48
  0x000000010b42cb6e:   89 c8 48 83 e0 fc f6 c1 04 48 0f 44 d0 eb 42 4c
  0x000000010b42cb7e:   89 f7 e8 fd 04 00 00 48 89 c2 48 8d 05 d9 20 7f
  0x000000010b42cb8e:   00 48 8b 38 41 8b 45 00 49 ff cf 48 89 d6 48 29
  0x000000010b42cb9e:   fe 89 c1 48 d3 ee 41 89 37 4c 89 f7 4c 89 fe e8
  0x000000010b42cbae:   2e 19 00 00 eb 19 4c 89 f7 e8 c6 04 00 00 48 89
  0x000000010b42cbbe:   c2 49 89 17 4c 89 f7 4c 89 fe e8 13 19 00 00 49
  0x000000010b42cbce:   8b 7e 10 8b 87 80 00 00 00 48 8d 97 00 01 00 00
  0x000000010b42cbde:   89 c1 2b 8f 00 01 00 00 81 e1 ff ff 01 00 39 d9
  0x000000010b42cbee:   0f 87 39 fe ff ff eb 32 4c 89 f7 e8 84 04 00 00
  0x000000010b42cbfe:   48 89 c2 49 89 17 4c 89 f7 4c 89 fe e8 d1 18 00


Stack slot to memory mapping:

stack at sp + 0 slots: 0x00000002e91f8a18 is an unknown value
stack at sp + 1 slots: 0x0000000700b6c210 is an oop: org.springframework.expression.spel.support.StandardTypeConverter 
{0x0000000700b6c210} - klass: 'org/springframework/expression/spel/support/StandardTypeConverter' - flags: 

 - ---- fields (total size 2 words):
 - private final 'conversionService' 'Ljava/util/function/Supplier;' @12  a 'org/springframework/context/expression/StandardBeanExpressionResolver$$Lambda+0x000000012b224720'{0x0000000700b6c220} (0xe016d844)
stack at sp + 2 slots: 0x00000007e38ef4d9 is an unallocated location in the heap
stack at sp + 3 slots: 0x00007000081d6b88 points into unknown readable memory: 0x000000010bbcce10 | 10 ce bc 0b 01 00 00 00
stack at sp + 4 slots: 0x00007ff5da7cdee0 points into unknown readable memory: 0x000000010bbcc9d8 | d8 c9 bc 0b 01 00 00 00
stack at sp + 5 slots: 0x00000002e91f8a18 is an unknown value
stack at sp + 6 slots: 0x00007000081d6be0 points into unknown readable memory: 0x00007000081d6c10 | 10 6c 1d 08 00 70 00 00
stack at sp + 7 slots: 0x000000010b43777e: _ZN24G1ScanHRForRegionClosure14scan_memregionEj9MemRegion+0xd4 in /usr/local/Cellar/openjdk/24.0.1/libexec/openjdk.jdk/Contents/Home/lib/server/libjvm.dylib at 0x000000010b07b000


---------------  P R O C E S S  ---------------

Threads class SMR info:
_java_thread_list=0x00007ff5de7e3ae0, length=27, elements={
0x00007ff5d7009200, 0x00007ff5d904cc00, 0x00007ff5d904f600, 0x00007ff5da80e200,
0x00007ff5da80ea00, 0x00007ff5d7059600, 0x00007ff5d705c000, 0x00007ff5d904fe00,
0x00007ff5dc80bc00, 0x00007ff5d7059e00, 0x00007ff5d710c200, 0x00007ff5dc946000,
0x00007ff5d710e600, 0x00007ff5dae26600, 0x00007ff5df86de00, 0x00007ff5df5e5200,
0x00007ff5d90a3600, 0x00007ff5d94c1200, 0x00007ff5db8c0000, 0x00007ff5db8ca800,
0x00007ff5db8cd400, 0x00007ff5df167200, 0x00007ff5d880c200, 0x00007ff5d949fc00,
0x00007ff5db8cdc00, 0x00007ff5df344800, 0x00007ff5d91f3c00
}

Java Threads: ( => current thread )
  0x00007ff5d7009200 JavaThread "main"                              [_thread_blocked, id=5379, stack(0x000070000698f000,0x0000700006a8f000) (1024K)]
  0x00007ff5d904cc00 JavaThread "Reference Handler"          daemon [_thread_blocked, id=29443, stack(0x00007000072ad000,0x00007000073ad000) (1024K)]
  0x00007ff5d904f600 JavaThread "Finalizer"                  daemon [_thread_blocked, id=29187, stack(0x00007000073b0000,0x00007000074b0000) (1024K)]
  0x00007ff5da80e200 JavaThread "Signal Dispatcher"          daemon [_thread_blocked, id=28675, stack(0x00007000074b3000,0x00007000075b3000) (1024K)]
  0x00007ff5da80ea00 JavaThread "Service Thread"             daemon [_thread_blocked, id=25091, stack(0x00007000075b6000,0x00007000076b6000) (1024K)]
  0x00007ff5d7059600 JavaThread "Monitor Deflation Thread"   daemon [_thread_blocked, id=25603, stack(0x00007000076b9000,0x00007000077b9000) (1024K)]
  0x00007ff5d705c000 JavaThread "C2 CompilerThread0"         daemon [_thread_blocked, id=28419, stack(0x00007000077bc000,0x00007000078bc000) (1024K)]
  0x00007ff5d904fe00 JavaThread "C1 CompilerThread0"         daemon [_thread_blocked, id=26371, stack(0x00007000078bf000,0x00007000079bf000) (1024K)]
  0x00007ff5dc80bc00 JavaThread "Notification Thread"        daemon [_thread_blocked, id=26627, stack(0x00007000079c2000,0x0000700007ac2000) (1024K)]
  0x00007ff5d7059e00 JavaThread "Common-Cleaner"             daemon [_thread_blocked, id=27907, stack(0x0000700007ac5000,0x0000700007bc5000) (1024K)]
  0x00007ff5d710c200 JavaThread "surefire-forkedjvm-stream-flusher" daemon [_thread_blocked, id=27395, stack(0x0000700007bc8000,0x0000700007cc8000) (1024K)]
  0x00007ff5dc946000 JavaThread "surefire-forkedjvm-command-thread" daemon [_thread_in_native, id=32771, stack(0x0000700007ccb000,0x0000700007dcb000) (1024K)]
  0x00007ff5d710e600 JavaThread "mysql-cj-abandoned-connection-cleanup" daemon [_thread_blocked, id=41991, stack(0x00007000082dd000,0x00007000083dd000) (1024K)]
  0x00007ff5dae26600 JavaThread "HikariPool-1 housekeeper"   daemon [_thread_blocked, id=41223, stack(0x00007000086e9000,0x00007000087e9000) (1024K)]
  0x00007ff5df86de00 JavaThread "boundedElastic-evictor-1"   daemon [_thread_blocked, id=30471, stack(0x00007000088ef000,0x00007000089ef000) (1024K)]
  0x00007ff5df5e5200 JavaThread "webflux-http-nio-1"         daemon [_thread_in_native, id=40711, stack(0x00007000087ec000,0x00007000088ec000) (1024K)]
  0x00007ff5d90a3600 JavaThread "webflux-http-nio-2"         daemon [_thread_in_native, id=36359, stack(0x00007000089f2000,0x0000700008af2000) (1024K)]
  0x00007ff5d94c1200 JavaThread "webflux-http-nio-3"         daemon [_thread_in_native, id=36611, stack(0x0000700008af5000,0x0000700008bf5000) (1024K)]
  0x00007ff5db8c0000 JavaThread "webflux-http-nio-4"         daemon [_thread_in_native, id=37123, stack(0x0000700008bf8000,0x0000700008cf8000) (1024K)]
  0x00007ff5db8ca800 JavaThread "webflux-http-nio-5"         daemon [_thread_in_native, id=40195, stack(0x0000700008cfb000,0x0000700008dfb000) (1024K)]
  0x00007ff5db8cd400 JavaThread "webflux-http-nio-6"         daemon [_thread_in_native, id=39683, stack(0x0000700008dfe000,0x0000700008efe000) (1024K)]
  0x00007ff5df167200 JavaThread "webflux-http-nio-7"         daemon [_thread_in_native, id=37635, stack(0x0000700008f01000,0x0000700009001000) (1024K)]
  0x00007ff5d880c200 JavaThread "webflux-http-nio-8"         daemon [_thread_in_native, id=38147, stack(0x0000700009004000,0x0000700009104000) (1024K)]
  0x00007ff5d949fc00 JavaThread "process reaper"             daemon [_thread_blocked, id=38415, stack(0x000070000722a000,0x000070000724e000) (144K)]
  0x00007ff5db8cdc00 JavaThread "Attach Listener"            daemon [_thread_blocked, id=38671, stack(0x0000700009107000,0x0000700009207000) (1024K)]
  0x00007ff5df344800 JavaThread "HikariPool-2 housekeeper"   daemon [_thread_blocked, id=65291, stack(0x000070000920a000,0x000070000930a000) (1024K)]
  0x00007ff5d91f3c00 JavaThread "HikariPool-2 connection adder" daemon [_thread_blocked, id=65027, stack(0x000070000930d000,0x000070000940d000) (1024K)]
Total: 27

Other Threads:
  0x00007ff5d7a09310 VMThread "VM Thread"                           [id=17923, stack(0x00007000070a4000,0x00007000071a4000) (1024K)]
  0x00007ff5d7e063a0 WatcherThread "VM Periodic Task Thread"        [id=20743, stack(0x0000700006fa1000,0x00007000070a1000) (1024K)]
  0x00007ff5d6f1f7e0 WorkerThread "GC Thread#0"                     [id=14595, stack(0x0000700006a92000,0x0000700006b92000) (1024K)]
  0x00007ff5d6ffe2a0 WorkerThread "GC Thread#1"                     [id=43011, stack(0x0000700007dce000,0x0000700007ece000) (1024K)]
  0x00007ff5d6ffeca0 WorkerThread "GC Thread#2"                     [id=33027, stack(0x0000700007ed1000,0x0000700007fd1000) (1024K)]
  0x00007ff5d7db8f80 WorkerThread "GC Thread#3"                     [id=42499, stack(0x0000700007fd4000,0x00007000080d4000) (1024K)]
=>0x00007ff5d6fff6a0 WorkerThread "GC Thread#4"                     [id=33539, stack(0x00007000080d7000,0x00007000081d7000) (1024K)]
  0x00007ff5dc204510 WorkerThread "GC Thread#5"                     [id=34051, stack(0x00007000081da000,0x00007000082da000) (1024K)]
  0x00007ff5d7c33730 WorkerThread "GC Thread#6"                     [id=34819, stack(0x00007000083e0000,0x00007000084e0000) (1024K)]
  0x00007ff5dc4748b0 WorkerThread "GC Thread#7"                     [id=35331, stack(0x00007000084e3000,0x00007000085e3000) (1024K)]
  0x00007ff5d6f20760 ConcurrentGCThread "G1 Main Marker"            [id=14339, stack(0x0000700006b95000,0x0000700006c95000) (1024K)]
  0x00007ff5d7805f40 WorkerThread "G1 Conc#0"                       [id=13571, stack(0x0000700006c98000,0x0000700006d98000) (1024K)]
  0x00007ff5dc473ec0 WorkerThread "G1 Conc#1"                       [id=41731, stack(0x00007000085e6000,0x00007000086e6000) (1024K)]
  0x00007ff5d9049600 ConcurrentGCThread "G1 Refine#0"               [id=16643, stack(0x0000700006d9b000,0x0000700006e9b000) (1024K)]
  0x00007ff5d7c040b0 ConcurrentGCThread "G1 Service"                [id=21251, stack(0x0000700006e9e000,0x0000700006f9e000) (1024K)]
Total: 15

Threads with active compile tasks:
C2 CompilerThread0  12533 13037 % !   4       org.springframework.beans.factory.support.DefaultListableBeanFactory::doGetBeanNamesForType @ 20 (505 bytes)
C1 CompilerThread0  12533 13502       2       org.hibernate.tuple.PropertyFactory::buildEntityBasedAttribute (441 bytes)
Total: 2

VM state: at safepoint (normal execution)

VM Mutex/Monitor currently owned by a thread:  ([mutex/lock_event])
[0x000000010bc82bd0] Threads_lock - owner thread: 0x00007ff5d7a09310
[0x000000010bc82cd0] Heap_lock - owner thread: 0x00007ff5d7009200

Heap address: 0x0000000700000000, size: 4096 MB, Compressed Oops mode: Zero based, Oop shift amount: 3

CDS archive(s) mapped at: [0x000000012a000000-0x000000012ad18000-0x000000012ad18000), size 13729792, SharedBaseAddress: 0x000000012a000000, ArchiveRelocationMode: 1.
Compressed class space mapped at: 0x000000012b000000-0x000000016b000000, reserved size: 1073741824
UseCompressedClassPointers 1, UseCompactObjectHeaders 0
Narrow klass pointer bits 32, Max shift 3
Narrow klass base: 0x000000012a000000, Narrow klass shift: 0
Encoding Range: [0x000000012a000000 - 0x000000022a000000), (4294967296 bytes)
Klass Range:    [0x000000012a000000 - 0x000000016b000000), (1090519040 bytes)
Klass ID Range:  [8 - 1090519033) (1090519025)

GC Precious Log:
 CardTable entry size: 512
 Card Set container configuration: InlinePtr #cards 4 size 8 Array Of Cards #cards 16 size 48 Howl #buckets 8 coarsen threshold 3686 Howl Bitmap #cards 512 size 80 coarsen threshold 460 Card regions per heap region 1 cards per card region 4096
 CPUs: 8 total, 8 available
 Memory: 16384M
 Large Page Support: Disabled
 NUMA Support: Disabled
 Compressed Oops: Enabled (Zero based)
 Heap Region Size: 2M
 Heap Min Capacity: 8M
 Heap Initial Capacity: 256M
 Heap Max Capacity: 4G
 Pre-touch: Disabled
 Parallel Workers: 8
 Concurrent Workers: 2
 Concurrent Refinement Workers: 8
 Periodic GC: Disabled

Heap:
 garbage-first heap   total reserved 4194304K, committed 335872K, used 246575K [0x0000000700000000, 0x0000000800000000)
  region size 2048K, 75 young (153600K), 9 survivors (18432K)
 Metaspace       used 98316K, committed 99136K, reserved 1179648K
  class space    used 11021K, committed 11392K, reserved 1048576K

Heap Regions: E=young(eden), S=young(survivor), O=old, HS=humongous(starts), HC=humongous(continues), CS=collection set, F=free, TAMS=top-at-mark-start, PB=parsable bottom
|   0|0x0000000700000000, 0x0000000700200000, 0x0000000700200000|100%|HS|  |TAMS 0x0000000700000000| PB 0x0000000700000000| Complete |  0
|   1|0x0000000700200000, 0x0000000700400000, 0x0000000700400000|100%| O|  |TAMS 0x0000000700200000| PB 0x0000000700200000| Untracked |  0
|   2|0x0000000700400000, 0x0000000700600000, 0x0000000700600000|100%| O|  |TAMS 0x0000000700400000| PB 0x0000000700400000| Untracked |  0
|   3|0x0000000700600000, 0x0000000700800000, 0x0000000700800000|100%| O|  |TAMS 0x0000000700600000| PB 0x0000000700600000| Untracked |  0
|   4|0x0000000700800000, 0x0000000700a00000, 0x0000000700a00000|100%| O|  |TAMS 0x0000000700800000| PB 0x0000000700800000| Untracked |  0
|   5|0x0000000700a00000, 0x0000000700c00000, 0x0000000700c00000|100%| O|  |TAMS 0x0000000700a00000| PB 0x0000000700a00000| Untracked |  0
|   6|0x0000000700c00000, 0x0000000700e00000, 0x0000000700e00000|100%| O|  |TAMS 0x0000000700c00000| PB 0x0000000700c00000| Untracked |  0
|   7|0x0000000700e00000, 0x0000000701000000, 0x0000000701000000|100%| O|  |TAMS 0x0000000700e00000| PB 0x0000000700e00000| Untracked |  0
|   8|0x0000000701000000, 0x0000000701200000, 0x0000000701200000|100%| O|  |TAMS 0x0000000701000000| PB 0x0000000701000000| Untracked |  0
|   9|0x0000000701200000, 0x0000000701400000, 0x0000000701400000|100%| O|  |TAMS 0x0000000701200000| PB 0x0000000701200000| Untracked |  0
|  10|0x0000000701400000, 0x0000000701600000, 0x0000000701600000|100%| O|  |TAMS 0x0000000701400000| PB 0x0000000701400000| Untracked |  0
|  11|0x0000000701600000, 0x0000000701800000, 0x0000000701800000|100%| O|  |TAMS 0x0000000701600000| PB 0x0000000701600000| Untracked |  0
|  12|0x0000000701800000, 0x0000000701a00000, 0x0000000701a00000|100%| O|  |TAMS 0x0000000701800000| PB 0x0000000701800000| Untracked |  0
|  13|0x0000000701a00000, 0x0000000701c00000, 0x0000000701c00000|100%| O|  |TAMS 0x0000000701a00000| PB 0x0000000701a00000| Untracked |  0
|  14|0x0000000701c00000, 0x0000000701e00000, 0x0000000701e00000|100%| O|  |TAMS 0x0000000701c00000| PB 0x0000000701c00000| Untracked |  0
|  15|0x0000000701e00000, 0x0000000702000000, 0x0000000702000000|100%| O|  |TAMS 0x0000000701e00000| PB 0x0000000701e00000| Untracked |  0
|  16|0x0000000702000000, 0x0000000702200000, 0x0000000702200000|100%| O|  |TAMS 0x0000000702000000| PB 0x0000000702000000| Untracked |  0
|  17|0x0000000702200000, 0x0000000702400000, 0x0000000702400000|100%| O|  |TAMS 0x0000000702200000| PB 0x0000000702200000| Untracked |  0
|  18|0x0000000702400000, 0x0000000702600000, 0x0000000702600000|100%| O|  |TAMS 0x0000000702400000| PB 0x0000000702400000| Untracked |  0
|  19|0x0000000702600000, 0x0000000702800000, 0x0000000702800000|100%| O|  |TAMS 0x0000000702600000| PB 0x0000000702600000| Untracked |  0
|  20|0x0000000702800000, 0x0000000702a00000, 0x0000000702a00000|100%| O|  |TAMS 0x0000000702800000| PB 0x0000000702800000| Untracked |  0
|  21|0x0000000702a00000, 0x0000000702c00000, 0x0000000702c00000|100%| O|  |TAMS 0x0000000702a00000| PB 0x0000000702a00000| Untracked |  0
|  22|0x0000000702c00000, 0x0000000702e00000, 0x0000000702e00000|100%| O|  |TAMS 0x0000000702c00000| PB 0x0000000702c00000| Untracked |  0
|  23|0x0000000702e00000, 0x0000000702ec2280, 0x0000000703000000| 37%| O|  |TAMS 0x0000000702e00000| PB 0x0000000702e00000| Untracked |  0
|  24|0x0000000703000000, 0x0000000703200000, 0x0000000703200000|100%| O|  |TAMS 0x0000000703000000| PB 0x0000000703000000| Untracked |  0
|  25|0x0000000703200000, 0x0000000703400000, 0x0000000703400000|100%| O|  |TAMS 0x0000000703200000| PB 0x0000000703200000| Untracked |  0
|  26|0x0000000703400000, 0x0000000703600000, 0x0000000703600000|100%| O|  |TAMS 0x0000000703400000| PB 0x0000000703400000| Untracked |  0
|  27|0x0000000703600000, 0x0000000703600000, 0x0000000703800000|  0%| F|  |TAMS 0x0000000703600000| PB 0x0000000703600000| Untracked |  0
|  28|0x0000000703800000, 0x0000000703800000, 0x0000000703a00000|  0%| F|  |TAMS 0x0000000703800000| PB 0x0000000703800000| Untracked |  0
|  29|0x0000000703a00000, 0x0000000703c00000, 0x0000000703c00000|100%| O|  |TAMS 0x0000000703a00000| PB 0x0000000703a00000| Untracked |  0
|  30|0x0000000703c00000, 0x0000000703e00000, 0x0000000703e00000|100%| O|  |TAMS 0x0000000703c00000| PB 0x0000000703c00000| Untracked |  0
|  31|0x0000000703e00000, 0x0000000704000000, 0x0000000704000000|100%| O|  |TAMS 0x0000000703e00000| PB 0x0000000703e00000| Untracked |  0
|  32|0x0000000704000000, 0x0000000704200000, 0x0000000704200000|100%| O|  |TAMS 0x0000000704000000| PB 0x0000000704000000| Untracked |  0
|  33|0x0000000704200000, 0x0000000704400000, 0x0000000704400000|100%| O|  |TAMS 0x0000000704200000| PB 0x0000000704200000| Untracked |  0
|  34|0x0000000704400000, 0x0000000704600000, 0x0000000704600000|100%| O|  |TAMS 0x0000000704400000| PB 0x0000000704400000| Untracked |  0
|  35|0x0000000704600000, 0x0000000704800000, 0x0000000704800000|100%| O|  |TAMS 0x0000000704600000| PB 0x0000000704600000| Untracked |  0
|  36|0x0000000704800000, 0x0000000704a00000, 0x0000000704a00000|100%| O|  |TAMS 0x0000000704800000| PB 0x0000000704800000| Untracked |  0
|  37|0x0000000704a00000, 0x0000000704c00000, 0x0000000704c00000|100%| O|  |TAMS 0x0000000704a00000| PB 0x0000000704a00000| Untracked |  0
|  38|0x0000000704c00000, 0x0000000704e00000, 0x0000000704e00000|100%| O|  |TAMS 0x0000000704c00000| PB 0x0000000704c00000| Untracked |  0
|  39|0x0000000704e00000, 0x0000000705000000, 0x0000000705000000|100%| O|  |TAMS 0x0000000704e00000| PB 0x0000000704e00000| Untracked |  0
|  40|0x0000000705000000, 0x0000000705200000, 0x0000000705200000|100%| O|  |TAMS 0x0000000705000000| PB 0x0000000705000000| Untracked |  0
|  41|0x0000000705200000, 0x0000000705400000, 0x0000000705400000|100%| O|  |TAMS 0x0000000705200000| PB 0x0000000705200000| Untracked |  0
|  42|0x0000000705400000, 0x0000000705600000, 0x0000000705600000|100%| O|  |TAMS 0x0000000705400000| PB 0x0000000705400000| Untracked |  0
|  43|0x0000000705600000, 0x0000000705800000, 0x0000000705800000|100%|HS|  |TAMS 0x0000000705600000| PB 0x0000000705600000| Complete |  0
|  44|0x0000000705800000, 0x0000000705a00000, 0x0000000705a00000|100%| O|  |TAMS 0x0000000705800000| PB 0x0000000705800000| Untracked |  0
|  45|0x0000000705a00000, 0x0000000705c00000, 0x0000000705c00000|100%| O|  |TAMS 0x0000000705a00000| PB 0x0000000705a00000| Untracked |  0
|  46|0x0000000705c00000, 0x0000000705e00000, 0x0000000705e00000|100%| O|  |TAMS 0x0000000705c00000| PB 0x0000000705c00000| Untracked |  0
|  47|0x0000000705e00000, 0x0000000706000000, 0x0000000706000000|100%| O|  |TAMS 0x0000000705e00000| PB 0x0000000705e00000| Untracked |  0
|  48|0x0000000706000000, 0x0000000706200000, 0x0000000706200000|100%| O|  |TAMS 0x0000000706000000| PB 0x0000000706000000| Untracked |  0
|  49|0x0000000706200000, 0x0000000706200000, 0x0000000706400000|  0%| F|  |TAMS 0x0000000706200000| PB 0x0000000706200000| Untracked |  0
|  50|0x0000000706400000, 0x0000000706400000, 0x0000000706600000|  0%| F|  |TAMS 0x0000000706400000| PB 0x0000000706400000| Untracked |  0
|  51|0x0000000706600000, 0x0000000706600000, 0x0000000706800000|  0%| F|  |TAMS 0x0000000706600000| PB 0x0000000706600000| Untracked |  0
|  52|0x0000000706800000, 0x0000000706800000, 0x0000000706a00000|  0%| F|  |TAMS 0x0000000706800000| PB 0x0000000706800000| Untracked |  0
|  53|0x0000000706a00000, 0x0000000706a00000, 0x0000000706c00000|  0%| F|  |TAMS 0x0000000706a00000| PB 0x0000000706a00000| Untracked |  0
|  54|0x0000000706c00000, 0x0000000706c00000, 0x0000000706e00000|  0%| F|  |TAMS 0x0000000706c00000| PB 0x0000000706c00000| Untracked |  0
|  55|0x0000000706e00000, 0x0000000706e00000, 0x0000000707000000|  0%| F|  |TAMS 0x0000000706e00000| PB 0x0000000706e00000| Untracked |  0
|  56|0x0000000707000000, 0x0000000707000000, 0x0000000707200000|  0%| F|  |TAMS 0x0000000707000000| PB 0x0000000707000000| Untracked |  0
|  57|0x0000000707200000, 0x0000000707200000, 0x0000000707400000|  0%| F|  |TAMS 0x0000000707200000| PB 0x0000000707200000| Untracked |  0
|  58|0x0000000707400000, 0x0000000707400000, 0x0000000707600000|  0%| F|  |TAMS 0x0000000707400000| PB 0x0000000707400000| Untracked |  0
|  59|0x0000000707600000, 0x0000000707600000, 0x0000000707800000|  0%| F|  |TAMS 0x0000000707600000| PB 0x0000000707600000| Untracked |  0
|  60|0x0000000707800000, 0x0000000707800000, 0x0000000707a00000|  0%| F|  |TAMS 0x0000000707800000| PB 0x0000000707800000| Untracked |  0
|  61|0x0000000707a00000, 0x0000000707a00000, 0x0000000707c00000|  0%| F|  |TAMS 0x0000000707a00000| PB 0x0000000707a00000| Untracked |  0
|  62|0x0000000707c00000, 0x0000000707c00000, 0x0000000707e00000|  0%| F|  |TAMS 0x0000000707c00000| PB 0x0000000707c00000| Untracked |  0
|  63|0x0000000707e00000, 0x0000000707e00000, 0x0000000708000000|  0%| F|  |TAMS 0x0000000707e00000| PB 0x0000000707e00000| Untracked |  0
|  64|0x0000000708000000, 0x0000000708000000, 0x0000000708200000|  0%| F|  |TAMS 0x0000000708000000| PB 0x0000000708000000| Untracked |  0
|  65|0x0000000708200000, 0x0000000708200000, 0x0000000708400000|  0%| F|  |TAMS 0x0000000708200000| PB 0x0000000708200000| Untracked |  0
|  66|0x0000000708400000, 0x0000000708400000, 0x0000000708600000|  0%| F|  |TAMS 0x0000000708400000| PB 0x0000000708400000| Untracked |  0
|  67|0x0000000708600000, 0x0000000708600000, 0x0000000708800000|  0%| F|  |TAMS 0x0000000708600000| PB 0x0000000708600000| Untracked |  0
|  68|0x0000000708800000, 0x0000000708800000, 0x0000000708a00000|  0%| F|  |TAMS 0x0000000708800000| PB 0x0000000708800000| Untracked |  0
|  69|0x0000000708a00000, 0x0000000708a00000, 0x0000000708c00000|  0%| F|  |TAMS 0x0000000708a00000| PB 0x0000000708a00000| Untracked |  0
|  70|0x0000000708c00000, 0x0000000708c00000, 0x0000000708e00000|  0%| F|  |TAMS 0x0000000708c00000| PB 0x0000000708c00000| Untracked |  0
|  71|0x0000000708e00000, 0x0000000708e00000, 0x0000000709000000|  0%| F|  |TAMS 0x0000000708e00000| PB 0x0000000708e00000| Untracked |  0
|  72|0x0000000709000000, 0x0000000709000000, 0x0000000709200000|  0%| F|  |TAMS 0x0000000709000000| PB 0x0000000709000000| Untracked |  0
|  73|0x0000000709200000, 0x0000000709200000, 0x0000000709400000|  0%| F|  |TAMS 0x0000000709200000| PB 0x0000000709200000| Untracked |  0
|  74|0x0000000709400000, 0x0000000709400000, 0x0000000709600000|  0%| F|  |TAMS 0x0000000709400000| PB 0x0000000709400000| Untracked |  0
|  75|0x0000000709600000, 0x0000000709600000, 0x0000000709800000|  0%| F|  |TAMS 0x0000000709600000| PB 0x0000000709600000| Untracked |  0
|  76|0x0000000709800000, 0x0000000709915650, 0x0000000709a00000| 54%| S|  |TAMS 0x0000000709800000| PB 0x0000000709800000| Complete |  0
|  77|0x0000000709a00000, 0x0000000709c00000, 0x0000000709c00000|100%| S|  |TAMS 0x0000000709a00000| PB 0x0000000709a00000| Complete |  0
|  78|0x0000000709c00000, 0x0000000709e00000, 0x0000000709e00000|100%| S|  |TAMS 0x0000000709c00000| PB 0x0000000709c00000| Complete |  0
|  79|0x0000000709e00000, 0x000000070a000000, 0x000000070a000000|100%| S|  |TAMS 0x0000000709e00000| PB 0x0000000709e00000| Complete |  0
|  80|0x000000070a000000, 0x000000070a200000, 0x000000070a200000|100%| S|  |TAMS 0x000000070a000000| PB 0x000000070a000000| Complete |  0
|  81|0x000000070a200000, 0x000000070a400000, 0x000000070a400000|100%| S|  |TAMS 0x000000070a200000| PB 0x000000070a200000| Complete |  0
|  82|0x000000070a400000, 0x000000070a600000, 0x000000070a600000|100%| S|  |TAMS 0x000000070a400000| PB 0x000000070a400000| Complete |  0
|  83|0x000000070a600000, 0x000000070a800000, 0x000000070a800000|100%| S|  |TAMS 0x000000070a600000| PB 0x000000070a600000| Complete |  0
|  84|0x000000070a800000, 0x000000070aa00000, 0x000000070aa00000|100%| S|  |TAMS 0x000000070a800000| PB 0x000000070a800000| Complete |  0
|  85|0x000000070aa00000, 0x000000070ac00000, 0x000000070ac00000|100%| E|CS|TAMS 0x000000070aa00000| PB 0x000000070aa00000| Complete |  0
|  86|0x000000070ac00000, 0x000000070ac65370, 0x000000070ae00000| 19%| E|CS|TAMS 0x000000070ac00000| PB 0x000000070ac00000| Complete |  0
|  87|0x000000070ae00000, 0x000000070b000000, 0x000000070b000000|100%| E|CS|TAMS 0x000000070ae00000| PB 0x000000070ae00000| Complete |  0
|  88|0x000000070b000000, 0x000000070b200000, 0x000000070b200000|100%| E|CS|TAMS 0x000000070b000000| PB 0x000000070b000000| Complete |  0
|  89|0x000000070b200000, 0x000000070b400000, 0x000000070b400000|100%| E|CS|TAMS 0x000000070b200000| PB 0x000000070b200000| Complete |  0
|  90|0x000000070b400000, 0x000000070b600000, 0x000000070b600000|100%| E|CS|TAMS 0x000000070b400000| PB 0x000000070b400000| Complete |  0
|  91|0x000000070b600000, 0x000000070b800000, 0x000000070b800000|100%| E|CS|TAMS 0x000000070b600000| PB 0x000000070b600000| Complete |  0
|  92|0x000000070b800000, 0x000000070ba00000, 0x000000070ba00000|100%| E|CS|TAMS 0x000000070b800000| PB 0x000000070b800000| Complete |  0
|  93|0x000000070ba00000, 0x000000070bc00000, 0x000000070bc00000|100%| E|CS|TAMS 0x000000070ba00000| PB 0x000000070ba00000| Complete |  0
|  94|0x000000070bc00000, 0x000000070be00000, 0x000000070be00000|100%| E|CS|TAMS 0x000000070bc00000| PB 0x000000070bc00000| Complete |  0
|  95|0x000000070be00000, 0x000000070c000000, 0x000000070c000000|100%| E|CS|TAMS 0x000000070be00000| PB 0x000000070be00000| Complete |  0
|  96|0x000000070c000000, 0x000000070c200000, 0x000000070c200000|100%| E|CS|TAMS 0x000000070c000000| PB 0x000000070c000000| Complete |  0
|  97|0x000000070c200000, 0x000000070c400000, 0x000000070c400000|100%| E|CS|TAMS 0x000000070c200000| PB 0x000000070c200000| Complete |  0
|  98|0x000000070c400000, 0x000000070c600000, 0x000000070c600000|100%| E|CS|TAMS 0x000000070c400000| PB 0x000000070c400000| Complete |  0
|  99|0x000000070c600000, 0x000000070c800000, 0x000000070c800000|100%| E|CS|TAMS 0x000000070c600000| PB 0x000000070c600000| Complete |  0
| 100|0x000000070c800000, 0x000000070ca00000, 0x000000070ca00000|100%| E|CS|TAMS 0x000000070c800000| PB 0x000000070c800000| Complete |  0
| 101|0x000000070ca00000, 0x000000070cc00000, 0x000000070cc00000|100%| E|CS|TAMS 0x000000070ca00000| PB 0x000000070ca00000| Complete |  0
| 102|0x000000070cc00000, 0x000000070ce00000, 0x000000070ce00000|100%| E|CS|TAMS 0x000000070cc00000| PB 0x000000070cc00000| Complete |  0
| 103|0x000000070ce00000, 0x000000070d000000, 0x000000070d000000|100%| E|CS|TAMS 0x000000070ce00000| PB 0x000000070ce00000| Complete |  0
| 104|0x000000070d000000, 0x000000070d200000, 0x000000070d200000|100%| E|CS|TAMS 0x000000070d000000| PB 0x000000070d000000| Complete |  0
| 105|0x000000070d200000, 0x000000070d400000, 0x000000070d400000|100%| E|CS|TAMS 0x000000070d200000| PB 0x000000070d200000| Complete |  0
| 106|0x000000070d400000, 0x000000070d600000, 0x000000070d600000|100%| E|CS|TAMS 0x000000070d400000| PB 0x000000070d400000| Complete |  0
| 107|0x000000070d600000, 0x000000070d800000, 0x000000070d800000|100%| E|CS|TAMS 0x000000070d600000| PB 0x000000070d600000| Complete |  0
| 108|0x000000070d800000, 0x000000070da00000, 0x000000070da00000|100%| E|CS|TAMS 0x000000070d800000| PB 0x000000070d800000| Complete |  0
| 109|0x000000070da00000, 0x000000070dc00000, 0x000000070dc00000|100%| E|CS|TAMS 0x000000070da00000| PB 0x000000070da00000| Complete |  0
| 110|0x000000070dc00000, 0x000000070de00000, 0x000000070de00000|100%| E|CS|TAMS 0x000000070dc00000| PB 0x000000070dc00000| Complete |  0
| 111|0x000000070de00000, 0x000000070e000000, 0x000000070e000000|100%| E|CS|TAMS 0x000000070de00000| PB 0x000000070de00000| Complete |  0
| 112|0x000000070e000000, 0x000000070e200000, 0x000000070e200000|100%| E|CS|TAMS 0x000000070e000000| PB 0x000000070e000000| Complete |  0
| 113|0x000000070e200000, 0x000000070e400000, 0x000000070e400000|100%| E|CS|TAMS 0x000000070e200000| PB 0x000000070e200000| Complete |  0
| 114|0x000000070e400000, 0x000000070e600000, 0x000000070e600000|100%| E|CS|TAMS 0x000000070e400000| PB 0x000000070e400000| Complete |  0
| 115|0x000000070e600000, 0x000000070e800000, 0x000000070e800000|100%| E|CS|TAMS 0x000000070e600000| PB 0x000000070e600000| Complete |  0
| 116|0x000000070e800000, 0x000000070ea00000, 0x000000070ea00000|100%| E|CS|TAMS 0x000000070e800000| PB 0x000000070e800000| Complete |  0
| 117|0x000000070ea00000, 0x000000070ec00000, 0x000000070ec00000|100%| E|CS|TAMS 0x000000070ea00000| PB 0x000000070ea00000| Complete |  0
| 118|0x000000070ec00000, 0x000000070ee00000, 0x000000070ee00000|100%| E|CS|TAMS 0x000000070ec00000| PB 0x000000070ec00000| Complete |  0
| 119|0x000000070ee00000, 0x000000070f000000, 0x000000070f000000|100%| E|CS|TAMS 0x000000070ee00000| PB 0x000000070ee00000| Complete |  0
| 120|0x000000070f000000, 0x000000070f200000, 0x000000070f200000|100%| E|CS|TAMS 0x000000070f000000| PB 0x000000070f000000| Complete |  0
| 121|0x000000070f200000, 0x000000070f400000, 0x000000070f400000|100%| E|CS|TAMS 0x000000070f200000| PB 0x000000070f200000| Complete |  0
| 122|0x000000070f400000, 0x000000070f600000, 0x000000070f600000|100%| E|CS|TAMS 0x000000070f400000| PB 0x000000070f400000| Complete |  0
| 123|0x000000070f600000, 0x000000070f800000, 0x000000070f800000|100%| E|CS|TAMS 0x000000070f600000| PB 0x000000070f600000| Complete |  0
| 124|0x000000070f800000, 0x000000070fa00000, 0x000000070fa00000|100%| E|CS|TAMS 0x000000070f800000| PB 0x000000070f800000| Complete |  0
| 125|0x000000070fa00000, 0x000000070fc00000, 0x000000070fc00000|100%| E|CS|TAMS 0x000000070fa00000| PB 0x000000070fa00000| Complete |  0
| 126|0x000000070fc00000, 0x000000070fe00000, 0x000000070fe00000|100%| E|CS|TAMS 0x000000070fc00000| PB 0x000000070fc00000| Complete |  0
| 127|0x000000070fe00000, 0x0000000710000000, 0x0000000710000000|100%| E|CS|TAMS 0x000000070fe00000| PB 0x000000070fe00000| Complete |  0
| 128|0x0000000710000000, 0x0000000710200000, 0x0000000710200000|100%| E|CS|TAMS 0x0000000710000000| PB 0x0000000710000000| Complete |  0
| 129|0x0000000710200000, 0x0000000710400000, 0x0000000710400000|100%| E|CS|TAMS 0x0000000710200000| PB 0x0000000710200000| Complete |  0
| 130|0x0000000710400000, 0x0000000710600000, 0x0000000710600000|100%| E|CS|TAMS 0x0000000710400000| PB 0x0000000710400000| Complete |  0
| 131|0x0000000710600000, 0x0000000710800000, 0x0000000710800000|100%| E|CS|TAMS 0x0000000710600000| PB 0x0000000710600000| Complete |  0
| 132|0x0000000710800000, 0x0000000710a00000, 0x0000000710a00000|100%| E|CS|TAMS 0x0000000710800000| PB 0x0000000710800000| Complete |  0
| 133|0x0000000710a00000, 0x0000000710c00000, 0x0000000710c00000|100%| E|CS|TAMS 0x0000000710a00000| PB 0x0000000710a00000| Complete |  0
| 134|0x0000000710c00000, 0x0000000710e00000, 0x0000000710e00000|100%| E|CS|TAMS 0x0000000710c00000| PB 0x0000000710c00000| Complete |  0
| 135|0x0000000710e00000, 0x0000000711000000, 0x0000000711000000|100%| E|CS|TAMS 0x0000000710e00000| PB 0x0000000710e00000| Complete |  0
| 136|0x0000000711000000, 0x0000000711200000, 0x0000000711200000|100%| E|CS|TAMS 0x0000000711000000| PB 0x0000000711000000| Complete |  0
| 137|0x0000000711200000, 0x0000000711400000, 0x0000000711400000|100%| E|CS|TAMS 0x0000000711200000| PB 0x0000000711200000| Complete |  0
| 138|0x0000000711400000, 0x0000000711600000, 0x0000000711600000|100%| E|CS|TAMS 0x0000000711400000| PB 0x0000000711400000| Complete |  0
| 139|0x0000000711600000, 0x0000000711800000, 0x0000000711800000|100%| E|CS|TAMS 0x0000000711600000| PB 0x0000000711600000| Complete |  0
| 140|0x0000000711800000, 0x0000000711a00000, 0x0000000711a00000|100%| E|CS|TAMS 0x0000000711800000| PB 0x0000000711800000| Complete |  0
| 141|0x0000000711a00000, 0x0000000711c00000, 0x0000000711c00000|100%| E|CS|TAMS 0x0000000711a00000| PB 0x0000000711a00000| Complete |  0
| 142|0x0000000711c00000, 0x0000000711e00000, 0x0000000711e00000|100%| E|CS|TAMS 0x0000000711c00000| PB 0x0000000711c00000| Complete |  0
| 143|0x0000000711e00000, 0x0000000712000000, 0x0000000712000000|100%| E|CS|TAMS 0x0000000711e00000| PB 0x0000000711e00000| Complete |  0
| 144|0x0000000712000000, 0x0000000712200000, 0x0000000712200000|100%| E|CS|TAMS 0x0000000712000000| PB 0x0000000712000000| Complete |  0
| 145|0x0000000712200000, 0x0000000712400000, 0x0000000712400000|100%| E|CS|TAMS 0x0000000712200000| PB 0x0000000712200000| Complete |  0
| 146|0x0000000712400000, 0x0000000712600000, 0x0000000712600000|100%| E|CS|TAMS 0x0000000712400000| PB 0x0000000712400000| Complete |  0
| 147|0x0000000712600000, 0x0000000712800000, 0x0000000712800000|100%| E|CS|TAMS 0x0000000712600000| PB 0x0000000712600000| Complete |  0
| 148|0x0000000712800000, 0x0000000712a00000, 0x0000000712a00000|100%| E|CS|TAMS 0x0000000712800000| PB 0x0000000712800000| Complete |  0
| 149|0x0000000712a00000, 0x0000000712c00000, 0x0000000712c00000|100%| E|CS|TAMS 0x0000000712a00000| PB 0x0000000712a00000| Complete |  0
| 150|0x0000000712c00000, 0x0000000712e00000, 0x0000000712e00000|100%| E|CS|TAMS 0x0000000712c00000| PB 0x0000000712c00000| Complete |  0
| 151|0x0000000712e00000, 0x0000000713000000, 0x0000000713000000|100%| E|CS|TAMS 0x0000000712e00000| PB 0x0000000712e00000| Complete |  0
| 152|0x0000000713000000, 0x0000000713200000, 0x0000000713200000|100%| E|CS|TAMS 0x0000000713000000| PB 0x0000000713000000| Complete |  0
| 153|0x0000000713200000, 0x0000000713400000, 0x0000000713400000|100%| E|CS|TAMS 0x0000000713200000| PB 0x0000000713200000| Complete |  0
| 154|0x0000000713400000, 0x0000000713600000, 0x0000000713600000|100%| E|CS|TAMS 0x0000000713400000| PB 0x0000000713400000| Complete |  0
| 155|0x0000000713600000, 0x0000000713800000, 0x0000000713800000|100%| E|CS|TAMS 0x0000000713600000| PB 0x0000000713600000| Complete |  0
| 156|0x0000000713800000, 0x0000000713a00000, 0x0000000713a00000|100%| E|CS|TAMS 0x0000000713800000| PB 0x0000000713800000| Complete |  0
| 157|0x0000000713a00000, 0x0000000713c00000, 0x0000000713c00000|100%| E|CS|TAMS 0x0000000713a00000| PB 0x0000000713a00000| Complete |  0
| 158|0x0000000713c00000, 0x0000000713e00000, 0x0000000713e00000|100%| E|CS|TAMS 0x0000000713c00000| PB 0x0000000713c00000| Complete |  0
|2043|0x00000007ff600000, 0x00000007ff800000, 0x00000007ff800000|100%| O|  |TAMS 0x00000007ff600000| PB 0x00000007ff600000| Untracked |  0
|2044|0x00000007ff800000, 0x00000007ffa00000, 0x00000007ffa00000|100%| O|  |TAMS 0x00000007ff800000| PB 0x00000007ff800000| Untracked |  0
|2045|0x00000007ffa00000, 0x00000007ffc00000, 0x00000007ffc00000|100%| O|  |TAMS 0x00000007ffa00000| PB 0x00000007ffa00000| Untracked |  0
|2046|0x00000007ffc00000, 0x00000007ffe00000, 0x00000007ffe00000|100%| O|  |TAMS 0x00000007ffc00000| PB 0x00000007ffc00000| Untracked |  0
|2047|0x00000007ffe00000, 0x0000000800000000, 0x0000000800000000|100%| E|CS|TAMS 0x00000007ffe00000| PB 0x00000007ffe00000| Complete |  0

Card table byte_map: [0x000000010a800000,0x000000010b000000] _byte_map_base: 0x0000000107000000

Marking Bits: (CMBitMap*) 0x00007ff5d702a810
 Bits: [0x0000000123af8000, 0x0000000127af8000)

Polling page: 0x0000000105a23000

Metaspace:

Usage:
  Non-class:     85.25 MB used.
      Class:     10.76 MB used.
       Both:     96.01 MB used.

Virtual space:
  Non-class space:      128.00 MB reserved,      85.69 MB ( 67%) committed,  2 nodes.
      Class space:        1.00 GB reserved,      11.12 MB (  1%) committed,  1 nodes.
             Both:        1.12 GB reserved,      96.81 MB (  8%) committed. 

Chunk freelists:
   Non-Class:  10.31 MB
       Class:  4.86 MB
        Both:  15.17 MB

MaxMetaspaceSize: unlimited
CompressedClassSpaceSize: 1.00 GB
Initial GC threshold: 21.00 MB
Current GC threshold: 125.44 MB
CDS: on
 - commit_granule_bytes: 65536.
 - commit_granule_words: 8192.
 - virtual_space_node_default_size: 8388608.
 - enlarge_chunks_in_place: 1.
UseCompressedClassPointers 1, UseCompactObjectHeaders 0
Narrow klass pointer bits 32, Max shift 3
Narrow klass base: 0x000000012a000000, Narrow klass shift: 0
Encoding Range: [0x000000012a000000 - 0x000000022a000000), (4294967296 bytes)
Klass Range:    [0x000000012a000000 - 0x000000016b000000), (1090519040 bytes)
Klass ID Range:  [8 - 1090519033) (1090519025)


Internal statistics:

num_allocs_failed_limit: 15.
num_arena_births: 1266.
num_arena_deaths: 0.
num_vsnodes_births: 3.
num_vsnodes_deaths: 0.
num_space_committed: 1549.
num_space_uncommitted: 0.
num_chunks_returned_to_freelist: 15.
num_chunks_taken_from_freelist: 4933.
num_chunk_merges: 12.
num_chunk_splits: 3620.
num_chunks_enlarged: 2942.
num_inconsistent_stats: 0.

CodeHeap 'non-profiled nmethods': size=120032Kb used=4214Kb max_used=4214Kb free=115817Kb
 bounds [0x000000011c5c0000, 0x000000011c9e0000, 0x0000000123af8000]
CodeHeap 'profiled nmethods': size=120028Kb used=16019Kb max_used=16019Kb free=104009Kb
 bounds [0x0000000114af8000, 0x0000000115aa8000, 0x000000011c02f000]
CodeHeap 'non-nmethods': size=5700Kb used=1730Kb max_used=1797Kb free=3969Kb
 bounds [0x000000011c02f000, 0x000000011c29f000, 0x000000011c5c0000]
CodeCache: size=245760Kb, used=21963Kb, max_used=22030Kb, free=223795Kb
 total_blobs=12181, nmethods=11400, adapters=686, full_count=0
Compilation: enabled, stopped_count=0, restarted_count=0

Compilation events (20 events):
Event: 12.488 Thread 0x00007ff5d904fe00 13489       2       net.bytebuddy.description.type.TypeList$Generic$ForDetachedTypes$OfTypeVariables::<init> (20 bytes)
Event: 12.488 Thread 0x00007ff5d904fe00 nmethod 13489 0x0000000115a99608 code [0x0000000115a99720, 0x0000000115a99948]
Event: 12.489 Thread 0x00007ff5d904fe00 13490       2       org.hibernate.tuple.BaselineAttributeInformation$Builder::setLazy (7 bytes)
Event: 12.489 Thread 0x00007ff5d904fe00 nmethod 13490 0x0000000115a99a08 code [0x0000000115a99b20, 0x0000000115a99c20]
Event: 12.489 Thread 0x00007ff5d904fe00 13491       2       org.hibernate.tuple.BaselineAttributeInformation$Builder::setInsertable (7 bytes)
Event: 12.489 Thread 0x00007ff5d904fe00 nmethod 13491 0x0000000115a99d08 code [0x0000000115a99e20, 0x0000000115a99f20]
Event: 12.489 Thread 0x00007ff5d904fe00 13492       2       org.hibernate.tuple.BaselineAttributeInformation$Builder::setUpdateable (7 bytes)
Event: 12.489 Thread 0x00007ff5d904fe00 nmethod 13492 0x0000000115a9a008 code [0x0000000115a9a120, 0x0000000115a9a220]
Event: 12.489 Thread 0x00007ff5d904fe00 13493       2       org.hibernate.tuple.BaselineAttributeInformation$Builder::setNullable (7 bytes)
Event: 12.489 Thread 0x00007ff5d904fe00 nmethod 13493 0x0000000115a9a308 code [0x0000000115a9a420, 0x0000000115a9a520]
Event: 12.489 Thread 0x00007ff5d904fe00 13494       2       org.hibernate.tuple.BaselineAttributeInformation$Builder::setDirtyCheckable (7 bytes)
Event: 12.489 Thread 0x00007ff5d904fe00 nmethod 13494 0x0000000115a9a608 code [0x0000000115a9a720, 0x0000000115a9a820]
Event: 12.489 Thread 0x00007ff5d904fe00 13495       2       org.hibernate.mapping.Property::getGetter (22 bytes)
Event: 12.489 Thread 0x00007ff5d904fe00 nmethod 13495 0x0000000115a9a908 code [0x0000000115a9aa40, 0x0000000115a9abf0]
Event: 12.492 Thread 0x00007ff5d904fe00 13496       3       net.bytebuddy.description.type.TypeList$Generic$AbstractBase::accept (64 bytes)
Event: 12.493 Thread 0x00007ff5d904fe00 nmethod 13496 0x0000000115a9ac88 code [0x0000000115a9aea0, 0x0000000115a9bfa8]
Event: 12.494 Thread 0x00007ff5d904fe00 13497       2       org.hibernate.mapping.Value::getType (187 bytes)
Event: 12.494 Thread 0x00007ff5d904fe00 nmethod 13497 0x0000000115a9c088 code [0x0000000115a9c280, 0x0000000115a9cb70]
Event: 12.494 Thread 0x00007ff5d904fe00 13502       2       org.hibernate.tuple.PropertyFactory::buildEntityBasedAttribute (441 bytes)
Event: 12.495 Thread 0x00007ff5d705c000 nmethod 13037% 0x000000011c9d5808 code [0x000000011c9d61e0, 0x000000011c9dd650]

GC Heap History (20 events):
Event: 6.985 GC heap after
{Heap after GC invocations=15 (full 0):
 garbage-first heap   total reserved 4194304K, committed 104448K, used 42192K [0x0000000700000000, 0x0000000800000000)
  region size 2048K, 4 young (8192K), 4 survivors (8192K)
 Metaspace       used 73163K, committed 73600K, reserved 1179648K
  class space    used 7885K, committed 8064K, reserved 1048576K
}
Event: 7.295 GC heap before
{Heap before GC invocations=15 (full 0):
 garbage-first heap   total reserved 4194304K, committed 104448K, used 85200K [0x0000000700000000, 0x0000000800000000)
  region size 2048K, 25 young (51200K), 4 survivors (8192K)
 Metaspace       used 75110K, committed 75584K, reserved 1179648K
  class space    used 8211K, committed 8384K, reserved 1048576K
}
Event: 7.311 GC heap after
{Heap after GC invocations=16 (full 0):
 garbage-first heap   total reserved 4194304K, committed 104448K, used 47914K [0x0000000700000000, 0x0000000800000000)
  region size 2048K, 4 young (8192K), 4 survivors (8192K)
 Metaspace       used 75110K, committed 75584K, reserved 1179648K
  class space    used 8211K, committed 8384K, reserved 1048576K
}
Event: 7.443 GC heap before
{Heap before GC invocations=17 (full 0):
 garbage-first heap   total reserved 4194304K, committed 104448K, used 86826K [0x0000000700000000, 0x0000000800000000)
  region size 2048K, 23 young (47104K), 4 survivors (8192K)
 Metaspace       used 75113K, committed 75584K, reserved 1179648K
  class space    used 8211K, committed 8384K, reserved 1048576K
}
Event: 7.461 GC heap after
{Heap after GC invocations=18 (full 0):
 garbage-first heap   total reserved 4194304K, committed 104448K, used 55296K [0x0000000700000000, 0x0000000800000000)
  region size 2048K, 3 young (6144K), 3 survivors (6144K)
 Metaspace       used 75113K, committed 75584K, reserved 1179648K
  class space    used 8211K, committed 8384K, reserved 1048576K
}
Event: 7.604 GC heap before
{Heap before GC invocations=18 (full 0):
 garbage-first heap   total reserved 4194304K, committed 104448K, used 90112K [0x0000000700000000, 0x0000000800000000)
  region size 2048K, 20 young (40960K), 3 survivors (6144K)
 Metaspace       used 75114K, committed 75584K, reserved 1179648K
  class space    used 8211K, committed 8384K, reserved 1048576K
}
Event: 7.623 GC heap after
{Heap after GC invocations=19 (full 0):
 garbage-first heap   total reserved 4194304K, committed 174080K, used 63488K [0x0000000700000000, 0x0000000800000000)
  region size 2048K, 3 young (6144K), 3 survivors (6144K)
 Metaspace       used 75114K, committed 75584K, reserved 1179648K
  class space    used 8211K, committed 8384K, reserved 1048576K
}
Event: 8.161 GC heap before
{Heap before GC invocations=19 (full 0):
 garbage-first heap   total reserved 4194304K, committed 174080K, used 143360K [0x0000000700000000, 0x0000000800000000)
  region size 2048K, 42 young (86016K), 3 survivors (6144K)
 Metaspace       used 76550K, committed 77056K, reserved 1179648K
  class space    used 8564K, committed 8768K, reserved 1048576K
}
Event: 8.173 GC heap after
{Heap after GC invocations=20 (full 0):
 garbage-first heap   total reserved 4194304K, committed 174080K, used 73447K [0x0000000700000000, 0x0000000800000000)
  region size 2048K, 6 young (12288K), 6 survivors (12288K)
 Metaspace       used 76550K, committed 77056K, reserved 1179648K
  class space    used 8564K, committed 8768K, reserved 1048576K
}
Event: 8.320 GC heap before
{Heap before GC invocations=20 (full 0):
 garbage-first heap   total reserved 4194304K, committed 174080K, used 138983K [0x0000000700000000, 0x0000000800000000)
  region size 2048K, 38 young (77824K), 6 survivors (12288K)
 Metaspace       used 76550K, committed 77056K, reserved 1179648K
  class space    used 8564K, committed 8768K, reserved 1048576K
}
Event: 8.338 GC heap after
{Heap after GC invocations=21 (full 0):
 garbage-first heap   total reserved 4194304K, committed 174080K, used 92614K [0x0000000700000000, 0x0000000800000000)
  region size 2048K, 5 young (10240K), 5 survivors (10240K)
 Metaspace       used 76550K, committed 77056K, reserved 1179648K
  class space    used 8564K, committed 8768K, reserved 1048576K
}
Event: 8.399 GC heap before
{Heap before GC invocations=21 (full 0):
 garbage-first heap   total reserved 4194304K, committed 174080K, used 127430K [0x0000000700000000, 0x0000000800000000)
  region size 2048K, 23 young (47104K), 5 survivors (10240K)
 Metaspace       used 76550K, committed 77056K, reserved 1179648K
  class space    used 8564K, committed 8768K, reserved 1048576K
}
Event: 8.415 GC heap after
{Heap after GC invocations=22 (full 0):
 garbage-first heap   total reserved 4194304K, committed 174080K, used 104448K [0x0000000700000000, 0x0000000800000000)
  region size 2048K, 4 young (8192K), 4 survivors (8192K)
 Metaspace       used 76550K, committed 77056K, reserved 1179648K
  class space    used 8564K, committed 8768K, reserved 1048576K
}
Event: 8.506 GC heap before
{Heap before GC invocations=23 (full 0):
 garbage-first heap   total reserved 4194304K, committed 174080K, used 145408K [0x0000000700000000, 0x0000000800000000)
  region size 2048K, 24 young (49152K), 4 survivors (8192K)
 Metaspace       used 76559K, committed 77056K, reserved 1179648K
  class space    used 8564K, committed 8768K, reserved 1048576K
}
Event: 8.516 GC heap after
{Heap after GC invocations=24 (full 0):
 garbage-first heap   total reserved 4194304K, committed 335872K, used 109230K [0x0000000700000000, 0x0000000800000000)
  region size 2048K, 2 young (4096K), 2 survivors (4096K)
 Metaspace       used 76559K, committed 77056K, reserved 1179648K
  class space    used 8564K, committed 8768K, reserved 1048576K
}
Event: 9.492 GC heap before
{Heap before GC invocations=24 (full 0):
 garbage-first heap   total reserved 4194304K, committed 335872K, used 238254K [0x0000000700000000, 0x0000000800000000)
  region size 2048K, 65 young (133120K), 2 survivors (4096K)
 Metaspace       used 82471K, committed 83136K, reserved 1179648K
  class space    used 9261K, committed 9536K, reserved 1048576K
}
Event: 9.498 GC heap after
{Heap after GC invocations=25 (full 0):
 garbage-first heap   total reserved 4194304K, committed 335872K, used 114562K [0x0000000700000000, 0x0000000800000000)
  region size 2048K, 5 young (10240K), 5 survivors (10240K)
 Metaspace       used 82471K, committed 83136K, reserved 1179648K
  class space    used 9261K, committed 9536K, reserved 1048576K
}
Event: 11.354 GC heap before
{Heap before GC invocations=25 (full 0):
 garbage-first heap   total reserved 4194304K, committed 335872K, used 237442K [0x0000000700000000, 0x0000000800000000)
  region size 2048K, 65 young (133120K), 5 survivors (10240K)
 Metaspace       used 93676K, committed 94528K, reserved 1179648K
  class space    used 10512K, committed 10880K, reserved 1048576K
}
Event: 11.375 GC heap after
{Heap after GC invocations=26 (full 0):
 garbage-first heap   total reserved 4194304K, committed 335872K, used 111407K [0x0000000700000000, 0x0000000800000000)
  region size 2048K, 9 young (18432K), 9 survivors (18432K)
 Metaspace       used 93676K, committed 94528K, reserved 1179648K
  class space    used 10512K, committed 10880K, reserved 1048576K
}
Event: 12.495 GC heap before
{Heap before GC invocations=26 (full 0):
 garbage-first heap   total reserved 4194304K, committed 335872K, used 246575K [0x0000000700000000, 0x0000000800000000)
  region size 2048K, 75 young (153600K), 9 survivors (18432K)
 Metaspace       used 98316K, committed 99136K, reserved 1179648K
  class space    used 11021K, committed 11392K, reserved 1048576K
}

Dll operation events (20 events):
Event: 10.598 Loading shared library /Users/ducphuong/Tài liệu học tập/VAIC/backend/libnetty_resolver_dns_native_macos_x86_64.dylib failed, dlopen(/Users/ducphuong/Tài liệu học tập/VAIC/backend/libnetty_resolver_dns_native_macos_x86_64.dylib, 0x0001): tri
Event: 10.598 Loading shared library /Users/ducphuong/Tài liệu học tập/VAIC/backend/libnetty_resolver_dns_native_macos_x86_64.jnilib failed, dlopen(/Users/ducphuong/Tài liệu học tập/VAIC/backend/libnetty_resolver_dns_native_macos_x86_64.jnilib, 0x0001): t
Event: 10.598 Loading shared library /usr/local/Cellar/openjdk/24.0.1/libexec/openjdk.jdk/Contents/Home/lib/libnetty_resolver_dns_native_macos_x86_64.dylib failed, dlopen(/usr/local/Cellar/openjdk/24.0.1/libexec/openjdk.jdk/Contents/Home/lib/libnetty_resolver_dns_nativ
Event: 10.598 Loading shared library /usr/local/Cellar/openjdk/24.0.1/libexec/openjdk.jdk/Contents/Home/lib/libnetty_resolver_dns_native_macos_x86_64.jnilib failed, dlopen(/usr/local/Cellar/openjdk/24.0.1/libexec/openjdk.jdk/Contents/Home/lib/libnetty_resolver_dns_nati
Event: 10.599 Loading shared library /Users/ducphuong/Library/Java/Extensions/libnetty_resolver_dns_native_macos_x86_64.dylib failed, dlopen(/Users/ducphuong/Library/Java/Extensions/libnetty_resolver_dns_native_macos_x86_64.dylib, 0x0001): tried: '/Users/ducphuong/Libr
Event: 10.599 Loading shared library /Users/ducphuong/Library/Java/Extensions/libnetty_resolver_dns_native_macos_x86_64.jnilib failed, dlopen(/Users/ducphuong/Library/Java/Extensions/libnetty_resolver_dns_native_macos_x86_64.jnilib, 0x0001): tried: '/Users/ducphuong/Li
Event: 10.599 Loading shared library /Library/Java/Extensions/libnetty_resolver_dns_native_macos_x86_64.dylib failed, dlopen(/Library/Java/Extensions/libnetty_resolver_dns_native_macos_x86_64.dylib, 0x0001): tried: '/Library/Java/Extensions/libnetty_resolver_dns_native
Event: 10.599 Loading shared library /Library/Java/Extensions/libnetty_resolver_dns_native_macos_x86_64.jnilib failed, dlopen(/Library/Java/Extensions/libnetty_resolver_dns_native_macos_x86_64.jnilib, 0x0001): tried: '/Library/Java/Extensions/libnetty_resolver_dns_nati
Event: 10.599 Loading shared library /Network/Library/Java/Extensions/libnetty_resolver_dns_native_macos_x86_64.dylib failed, dlopen(/Network/Library/Java/Extensions/libnetty_resolver_dns_native_macos_x86_64.dylib, 0x0001): tried: '/Network/Library/Java/Extensions/libn
Event: 10.599 Loading shared library /Network/Library/Java/Extensions/libnetty_resolver_dns_native_macos_x86_64.jnilib failed, dlopen(/Network/Library/Java/Extensions/libnetty_resolver_dns_native_macos_x86_64.jnilib, 0x0001): tried: '/Network/Library/Java/Extensions/li
Event: 10.600 Loading shared library /System/Library/Java/Extensions/libnetty_resolver_dns_native_macos_x86_64.dylib failed, dlopen(/System/Library/Java/Extensions/libnetty_resolver_dns_native_macos_x86_64.dylib, 0x0001): tried: '/System/Library/Java/Extensions/libnett
Event: 10.600 Loading shared library /System/Library/Java/Extensions/libnetty_resolver_dns_native_macos_x86_64.jnilib failed, dlopen(/System/Library/Java/Extensions/libnetty_resolver_dns_native_macos_x86_64.jnilib, 0x0001): tried: '/System/Library/Java/Extensions/libne
Event: 10.600 Loading shared library /usr/lib/java/libnetty_resolver_dns_native_macos_x86_64.dylib failed, dlopen(/usr/lib/java/libnetty_resolver_dns_native_macos_x86_64.dylib, 0x0001): tried: '/usr/lib/java/libnetty_resolver_dns_native_macos_x86_64.dylib' (no such fil
Event: 10.600 Loading shared library /usr/lib/java/libnetty_resolver_dns_native_macos_x86_64.jnilib failed, dlopen(/usr/lib/java/libnetty_resolver_dns_native_macos_x86_64.jnilib, 0x0001): tried: '/usr/lib/java/libnetty_resolver_dns_native_macos_x86_64.jnilib' (no such 
Event: 10.600 Loading shared library /Users/ducphuong/Tài liệu học tập/VAIC/backend/libnetty_resolver_dns_native_macos_x86_64.dylib failed, dlopen(/Users/ducphuong/Tài liệu học tập/VAIC/backend/libnetty_resolver_dns_native_macos_x86_64.dylib, 0x0001): tri
Event: 10.601 Loading shared library /Users/ducphuong/Tài liệu học tập/VAIC/backend/libnetty_resolver_dns_native_macos_x86_64.jnilib failed, dlopen(/Users/ducphuong/Tài liệu học tập/VAIC/backend/libnetty_resolver_dns_native_macos_x86_64.jnilib, 0x0001): t
Event: 11.007 Loaded shared library /private/var/folders/kr/0q_yf83930j4h93c1mc7tskh0000gn/T/libnetty_resolver_dns_native_macos_x86_6413256185484044890479.dylib
Event: 11.377 Loaded shared library /usr/local/Cellar/openjdk/24.0.1/libexec/openjdk.jdk/Contents/Home/lib/libinstrument.dylib
Event: 11.377 Loaded shared library /usr/local/Cellar/openjdk/24.0.1/libexec/openjdk.jdk/Contents/Home/lib/libzip.dylib
Event: 11.378 Loaded shared library /usr/local/Cellar/openjdk/24.0.1/libexec/openjdk.jdk/Contents/Home/lib/libinstrument.dylib

Deoptimization events (20 events):
Event: 12.302 Thread 0x00007ff5d7009200 Uncommon trap: trap_request=0xffffff4d fr.pc=0x000000011c7f3a44 relative=0x0000000000001ce4
Event: 12.302 Thread 0x00007ff5d7009200 Uncommon trap: reason=unstable_if action=reinterpret pc=0x000000011c7f3a44 method=org.hibernate.boot.model.internal.JPAXMLOverriddenMetadataProvider.getAnnotationReader(Ljava/lang/reflect/AnnotatedElement;)Lorg/hibernate/annotations/common/reflection/Anno
Event: 12.302 Thread 0x00007ff5d7009200 DEOPT PACKING pc=0x000000011c7f3a44 sp=0x0000700006a8acf0
Event: 12.302 Thread 0x00007ff5d7009200 DEOPT UNPACKING pc=0x000000011c147af9 sp=0x0000700006a8abb8 mode 2
Event: 12.384 Thread 0x00007ff5d7009200 DEOPT PACKING pc=0x0000000114b45140 sp=0x0000700006a8a300
Event: 12.384 Thread 0x00007ff5d7009200 DEOPT UNPACKING pc=0x000000011c08430f sp=0x0000700006a89790 mode 0
Event: 12.384 Thread 0x00007ff5d7009200 DEOPT PACKING pc=0x0000000114b45140 sp=0x0000700006a8a300
Event: 12.384 Thread 0x00007ff5d7009200 DEOPT UNPACKING pc=0x000000011c08430f sp=0x0000700006a89790 mode 0
Event: 12.388 Thread 0x00007ff5d7009200 DEOPT PACKING pc=0x0000000114b45140 sp=0x0000700006a8a290
Event: 12.388 Thread 0x00007ff5d7009200 DEOPT UNPACKING pc=0x000000011c08430f sp=0x0000700006a89720 mode 0
Event: 12.388 Thread 0x00007ff5d7009200 DEOPT PACKING pc=0x0000000114b45140 sp=0x0000700006a8a290
Event: 12.388 Thread 0x00007ff5d7009200 DEOPT UNPACKING pc=0x000000011c08430f sp=0x0000700006a89720 mode 0
Event: 12.389 Thread 0x00007ff5d7009200 DEOPT PACKING pc=0x0000000114b45140 sp=0x0000700006a8a290
Event: 12.389 Thread 0x00007ff5d7009200 DEOPT UNPACKING pc=0x000000011c08430f sp=0x0000700006a89720 mode 0
Event: 12.389 Thread 0x00007ff5d7009200 DEOPT PACKING pc=0x0000000114b45140 sp=0x0000700006a8a290
Event: 12.389 Thread 0x00007ff5d7009200 DEOPT UNPACKING pc=0x000000011c08430f sp=0x0000700006a89720 mode 0
Event: 12.389 Thread 0x00007ff5d7009200 DEOPT PACKING pc=0x0000000114b45140 sp=0x0000700006a8a290
Event: 12.389 Thread 0x00007ff5d7009200 DEOPT UNPACKING pc=0x000000011c08430f sp=0x0000700006a89720 mode 0
Event: 12.390 Thread 0x00007ff5d7009200 DEOPT PACKING pc=0x0000000114b45140 sp=0x0000700006a8a290
Event: 12.390 Thread 0x00007ff5d7009200 DEOPT UNPACKING pc=0x000000011c08430f sp=0x0000700006a89720 mode 0

Classes loaded (20 events):
Event: 12.379 Loading class com/careercompass/entity/DocumentType
Event: 12.379 Loading class com/careercompass/entity/DocumentType done
Event: 12.379 Loading class com/careercompass/entity/RecommendationRunStatus
Event: 12.379 Loading class com/careercompass/entity/RecommendationRunStatus done
Event: 12.380 Loading class com/careercompass/entity/SkillGapPriority
Event: 12.380 Loading class com/careercompass/entity/SkillGapPriority done
Event: 12.380 Loading class com/careercompass/entity/UserRole
Event: 12.380 Loading class com/careercompass/entity/UserRole done
Event: 12.380 Loading class com/careercompass/entity/UserStatus
Event: 12.380 Loading class com/careercompass/entity/UserStatus done
Event: 12.384 Loading class org/hibernate/bytecode/internal/bytebuddy/BytecodeProviderImpl
Event: 12.384 Loading class org/hibernate/bytecode/internal/bytebuddy/BytecodeProviderImpl done
Event: 12.391 Loading class jakarta/validation/ConstraintViolation
Event: 12.391 Loading class jakarta/validation/ConstraintViolation done
Event: 12.391 Loading class org/hibernate/boot/beanvalidation/TypeSafeActivator
Event: 12.391 Loading class org/hibernate/boot/beanvalidation/TypeSafeActivator done
Event: 12.392 Loading class javax/money/MonetaryAmount
Event: 12.392 Loading class javax/money/MonetaryAmount done
Event: 12.392 Loading class org/joda/time/ReadableInstant
Event: 12.392 Loading class org/joda/time/ReadableInstant done

Classes unloaded (0 events):
No events

Classes redefined (0 events):
No events

Internal exceptions (20 events):
Event: 10.059 Thread 0x00007ff5d7009200 Exception <a 'java/lang/NoSuchMethodError'{0x00000007103e3d60}: 'void java.lang.invoke.DirectMethodHandle$Holder.invokeStatic(java.lang.Object, int, java.lang.Object)'> (0x00000007103e3d60) 
thrown [src/hotspot/share/interpreter/linkResolver.cpp, line 805]
Event: 10.139 Thread 0x00007ff5d7009200 Exception <a 'java/lang/NoSuchMethodError'{0x000000070f810af0}: 'void java.lang.invoke.DirectMethodHandle$Holder.invokeVirtual(java.lang.Object, java.lang.Object, long)'> (0x000000070f810af0) 
thrown [src/hotspot/share/interpreter/linkResolver.cpp, line 805]
Event: 10.153 Thread 0x00007ff5d7009200 Exception <a 'java/lang/NoSuchMethodError'{0x000000070f9fcd30}: 'java.lang.Object java.lang.invoke.DelegatingMethodHandle$Holder.reinvoke_L(java.lang.Object, java.lang.Object, int, int, int, int)'> (0x000000070f9fcd30) 
thrown [src/hotspot/share/interpreter/linkResolver.cpp, line 805]
Event: 10.194 Thread 0x00007ff5d7009200 Exception <a 'java/lang/NoSuchMethodError'{0x000000070f52a6c0}: 'int java.lang.invoke.DirectMethodHandle$Holder.invokeStaticInit(java.lang.Object, java.lang.Object, java.lang.Object, java.lang.Object)'> (0x000000070f52a6c0) 
thrown [src/hotspot/share/interpreter/linkResolver.cpp, line 805]
Event: 10.218 Thread 0x00007ff5d7009200 Exception <a 'java/lang/NoSuchMethodError'{0x000000070f3bfb98}: 'java.lang.Object java.lang.invoke.DirectMethodHandle$Holder.invokeVirtual(java.lang.Object, java.lang.Object, java.lang.Object, java.lang.Object, java.lang.Object, java.lang.Object, java.lang.Object, java.lang.Object, java.lang.Object)'> (0x000000070f3bfb98) 
thrown [src/hotspot/share/interpreter/linkResolver.cpp, line 805]
Event: 10.289 Thread 0x00007ff5d7009200 Exception <a 'java/lang/IncompatibleClassChangeError'{0x000000070ea4c838}: Found class java.lang.Object, but interface was expected> (0x000000070ea4c838) 
thrown [src/hotspot/share/interpreter/linkResolver.cpp, line 872]
Event: 10.411 Thread 0x00007ff5d7009200 Exception <a 'java/lang/NoSuchMethodError'{0x000000070dfebca0}: 'java.lang.Object java.lang.invoke.DirectMethodHandle$Holder.newInvokeSpecial(java.lang.Object, java.lang.Object, int, java.lang.Object, java.lang.Object)'> (0x000000070dfebca0) 
thrown [src/hotspot/share/interpreter/linkResolver.cpp, line 805]
Event: 10.458 Thread 0x00007ff5d7009200 Exception <a 'java/lang/NoSuchMethodError'{0x000000070da50070}: 'java.lang.Object java.lang.invoke.DirectMethodHandle$Holder.invokeStaticInit(java.lang.Object, java.lang.Object, int)'> (0x000000070da50070) 
thrown [src/hotspot/share/interpreter/linkResolver.cpp, line 805]
Event: 10.535 Thread 0x00007ff5d7009200 Exception <a 'java/lang/UnsatisfiedLinkError'{0x000000070d60cbe0}: 'int io.netty.channel.epoll.Native.offsetofEpollData()'> (0x000000070d60cbe0) 
thrown [src/hotspot/share/prims/nativeLookup.cpp, line 416]
Event: 10.536 Thread 0x00007ff5d7009200 Exception <a 'java/lang/ExceptionInInitializerError'{0x000000070d611d18}> (0x000000070d611d18) 
thrown [src/hotspot/share/oops/instanceKlass.cpp, line 1333]
Event: 10.594 Thread 0x00007ff5d7009200 Exception <a 'java/lang/NoSuchMethodError'{0x000000070ce4b268}: 'void java.lang.invoke.DirectMethodHandle$Holder.invokeStatic(java.lang.Object, java.lang.Object, int)'> (0x000000070ce4b268) 
thrown [src/hotspot/share/interpreter/linkResolver.cpp, line 805]
Event: 11.572 Thread 0x00007ff5d7009200 Exception <a 'java/lang/IncompatibleClassChangeError'{0x000000071325e708}: Found class java.lang.Object, but interface was expected> (0x000000071325e708) 
thrown [src/hotspot/share/interpreter/linkResolver.cpp, line 872]
Event: 11.778 Thread 0x00007ff5d7009200 Exception <a 'java/lang/NoSuchMethodError'{0x0000000712655738}: 'java.lang.Object java.lang.invoke.DelegatingMethodHandle$Holder.reinvoke_L(java.lang.Object, java.lang.Object, int, java.lang.Object, java.lang.Object)'> (0x0000000712655738) 
thrown [src/hotspot/share/interpreter/linkResolver.cpp, line 805]
Event: 12.176 Thread 0x00007ff5d7009200 Exception <a 'java/lang/NoClassDefFoundError'{0x000000070eff35f8}: liquibase/integration/spring/SpringLiquibase> (0x000000070eff35f8) 
thrown [src/hotspot/share/oops/constantPool.cpp, line 1048]
Event: 12.180 Thread 0x00007ff5d7009200 Exception <a 'java/lang/NoClassDefFoundError'{0x000000070ecce238}: org/jooq/DSLContext> (0x000000070ecce238) 
thrown [src/hotspot/share/oops/constantPool.cpp, line 1048]
Event: 12.180 Thread 0x00007ff5d7009200 Exception <a 'java/lang/NoClassDefFoundError'{0x000000070ecf4160}: org/springframework/batch/core/repository/JobRepository> (0x000000070ecf4160) 
thrown [src/hotspot/share/oops/constantPool.cpp, line 1048]
Event: 12.180 Thread 0x00007ff5d7009200 Exception <a 'java/lang/NoClassDefFoundError'{0x000000070ecf5278}: org/quartz/Scheduler> (0x000000070ecf5278) 
thrown [src/hotspot/share/oops/constantPool.cpp, line 1048]
Event: 12.180 Thread 0x00007ff5d7009200 Exception <a 'java/lang/NoClassDefFoundError'{0x000000070ecf63b8}: org/springframework/session/jdbc/JdbcIndexedSessionRepository> (0x000000070ecf63b8) 
thrown [src/hotspot/share/oops/constantPool.cpp, line 1048]
Event: 12.187 Thread 0x00007ff5d7009200 Implicit null exception at 0x000000011c985d0d to 0x000000011c9895a0
Event: 12.302 Thread 0x00007ff5d7009200 Implicit null exception at 0x000000011c7f1dba to 0x000000011c7f3a28

VM Operations (20 events):
Event: 9.807 Executing VM operation: HandshakeAllThreads (Deoptimize) done
Event: 9.924 Executing VM operation: HandshakeAllThreads (Deoptimize)
Event: 9.924 Executing VM operation: HandshakeAllThreads (Deoptimize) done
Event: 10.160 Executing VM operation: HandshakeAllThreads (Deoptimize)
Event: 10.160 Executing VM operation: HandshakeAllThreads (Deoptimize) done
Event: 10.414 Executing VM operation: HandshakeAllThreads (Deoptimize)
Event: 10.414 Executing VM operation: HandshakeAllThreads (Deoptimize) done
Event: 10.443 Executing VM operation: HandshakeAllThreads (Deoptimize)
Event: 10.443 Executing VM operation: HandshakeAllThreads (Deoptimize) done
Event: 10.499 Executing VM operation: HandshakeAllThreads (Deoptimize)
Event: 10.499 Executing VM operation: HandshakeAllThreads (Deoptimize) done
Event: 11.098 Executing VM operation: HandshakeAllThreads (Deoptimize)
Event: 11.098 Executing VM operation: HandshakeAllThreads (Deoptimize) done
Event: 11.106 Executing VM operation: HandshakeAllThreads (Deoptimize)
Event: 11.106 Executing VM operation: HandshakeAllThreads (Deoptimize) done
Event: 11.354 Executing VM operation: G1CollectForAllocation (G1 Evacuation Pause)
Event: 11.375 Executing VM operation: G1CollectForAllocation (G1 Evacuation Pause) done
Event: 11.377 Executing VM operation: SetNotifyJvmtiEventsMode
Event: 11.377 Executing VM operation: SetNotifyJvmtiEventsMode done
Event: 12.495 Executing VM operation: G1CollectForAllocation (G1 Evacuation Pause)

Memory protections (20 events):
Event: 3.934 Protecting memory [0x00007000088ef000,0x00007000088f3000] with protection modes 0
Event: 3.935 Protecting memory [0x00007000088ef000,0x00007000088f3000] with protection modes 3
Event: 8.955 Protecting memory [0x00007000088ef000,0x00007000088f3000] with protection modes 0
Event: 9.091 Protecting memory [0x00007000087ec000,0x00007000087f0000] with protection modes 3
Event: 10.566 Protecting memory [0x00007000087ec000,0x00007000087f0000] with protection modes 0
Event: 10.566 Protecting memory [0x00007000089f2000,0x00007000089f6000] with protection modes 0
Event: 10.567 Protecting memory [0x0000700008af5000,0x0000700008af9000] with protection modes 0
Event: 10.567 Protecting memory [0x0000700008bf8000,0x0000700008bfc000] with protection modes 0
Event: 10.567 Protecting memory [0x0000700008cfb000,0x0000700008cff000] with protection modes 0
Event: 10.567 Protecting memory [0x0000700008dfe000,0x0000700008e02000] with protection modes 0
Event: 10.567 Protecting memory [0x0000700008f01000,0x0000700008f05000] with protection modes 0
Event: 10.567 Protecting memory [0x0000700009004000,0x0000700009008000] with protection modes 0
Event: 11.107 Protecting memory [0x000070000722a000,0x000070000722e000] with protection modes 0
Event: 11.241 Protecting memory [0x0000700009107000,0x000070000910b000] with protection modes 0
Event: 11.891 Protecting memory [0x000070000920a000,0x000070000920e000] with protection modes 0
Event: 11.892 Protecting memory [0x000070000920a000,0x000070000920e000] with protection modes 3
Event: 11.895 Protecting memory [0x000070000920a000,0x000070000920e000] with protection modes 0
Event: 11.900 Protecting memory [0x000070000920a000,0x000070000920e000] with protection modes 3
Event: 12.247 Protecting memory [0x000070000920a000,0x000070000920e000] with protection modes 0
Event: 12.257 Protecting memory [0x000070000930d000,0x0000700009311000] with protection modes 0

Nmethod flushes (20 events):
Event: 8.478 Thread 0x00007ff5d7a09310 flushing  nmethod 0x0000000115754288
Event: 8.478 Thread 0x00007ff5d7a09310 flushing  nmethod 0x0000000115755508
Event: 8.478 Thread 0x00007ff5d7a09310 flushing  nmethod 0x000000011576d188
Event: 8.478 Thread 0x00007ff5d7a09310 flushing  nmethod 0x000000011576e008
Event: 8.478 Thread 0x00007ff5d7a09310 flushing  nmethod 0x000000011576e588
Event: 8.478 Thread 0x00007ff5d7a09310 flushing  nmethod 0x0000000115770288
Event: 8.478 Thread 0x00007ff5d7a09310 flushing  nmethod 0x0000000115770a08
Event: 8.478 Thread 0x00007ff5d7a09310 flushing  nmethod 0x0000000115780808
Event: 8.478 Thread 0x00007ff5d7a09310 flushing  nmethod 0x0000000115780b08
Event: 8.478 Thread 0x00007ff5d7a09310 flushing  nmethod 0x0000000115781108
Event: 8.478 Thread 0x00007ff5d7a09310 flushing  nmethod 0x0000000115781408
Event: 8.478 Thread 0x00007ff5d7a09310 flushing  nmethod 0x00000001157a1088
Event: 8.478 Thread 0x00007ff5d7a09310 flushing  nmethod 0x00000001157a1708
Event: 8.478 Thread 0x00007ff5d7a09310 flushing  nmethod 0x00000001157a1c08
Event: 8.478 Thread 0x00007ff5d7a09310 flushing  nmethod 0x00000001157a2608
Event: 8.478 Thread 0x00007ff5d7a09310 flushing  nmethod 0x00000001157a2a88
Event: 8.478 Thread 0x00007ff5d7a09310 flushing  nmethod 0x00000001157a2f08
Event: 8.478 Thread 0x00007ff5d7a09310 flushing  nmethod 0x00000001157a3e88
Event: 8.478 Thread 0x00007ff5d7a09310 flushing  nmethod 0x00000001157a5108
Event: 8.478 Thread 0x00007ff5d7a09310 flushing  nmethod 0x00000001157a5408

Events (20 events):
Event: 3.934 Thread 0x00007ff5d7009200 Thread added: 0x00007ff5dcd52c00
Event: 3.935 Thread 0x00007ff5dcd52c00 Thread exited: 0x00007ff5dcd52c00
Event: 8.955 Thread 0x00007ff5d7009200 Thread added: 0x00007ff5df86de00
Event: 9.091 Thread 0x00007ff5d880c200 Thread exited: 0x00007ff5d880c200
Event: 10.566 Thread 0x00007ff5d7009200 Thread added: 0x00007ff5df5e5200
Event: 10.566 Thread 0x00007ff5d7009200 Thread added: 0x00007ff5d90a3600
Event: 10.567 Thread 0x00007ff5d7009200 Thread added: 0x00007ff5d94c1200
Event: 10.567 Thread 0x00007ff5d7009200 Thread added: 0x00007ff5db8c0000
Event: 10.567 Thread 0x00007ff5d7009200 Thread added: 0x00007ff5db8ca800
Event: 10.567 Thread 0x00007ff5d7009200 Thread added: 0x00007ff5db8cd400
Event: 10.567 Thread 0x00007ff5d7009200 Thread added: 0x00007ff5df167200
Event: 10.567 Thread 0x00007ff5d7009200 Thread added: 0x00007ff5d880c200
Event: 11.107 Thread 0x00007ff5d7009200 Thread added: 0x00007ff5d949fc00
Event: 11.241 Thread 0x00007ff5da80e200 Thread added: 0x00007ff5db8cdc00
Event: 11.891 Thread 0x00007ff5d7009200 Thread added: 0x00007ff5df2eb200
Event: 11.892 Thread 0x00007ff5df2eb200 Thread exited: 0x00007ff5df2eb200
Event: 11.895 Thread 0x00007ff5d7009200 Thread added: 0x00007ff5d91cf800
Event: 11.900 Thread 0x00007ff5d91cf800 Thread exited: 0x00007ff5d91cf800
Event: 12.247 Thread 0x00007ff5d7009200 Thread added: 0x00007ff5df344800
Event: 12.257 Thread 0x00007ff5d7009200 Thread added: 0x00007ff5d91f3c00


Dynamic libraries:
0x0000000105a04000 	/usr/local/Cellar/openjdk/24.0.1/libexec/openjdk.jdk/Contents/Home/lib/libjli.dylib
0x00007ff827de3000 	/usr/lib/libz.1.dylib
0x00007ff827ece000 	/usr/lib/libSystem.B.dylib
0x00007ff827ec8000 	/usr/lib/system/libcache.dylib
0x00007ff827e81000 	/usr/lib/system/libcommonCrypto.dylib
0x00007ff827eab000 	/usr/lib/system/libcompiler_rt.dylib
0x00007ff827e9f000 	/usr/lib/system/libcopyfile.dylib
0x00007ff81970b000 	/usr/lib/system/libcorecrypto.dylib
0x00007ff819809000 	/usr/lib/system/libdispatch.dylib
0x00007ff8199bc000 	/usr/lib/system/libdyld.dylib
0x00007ff827ebe000 	/usr/lib/system/libkeymgr.dylib
0x00007ff827e66000 	/usr/lib/system/libmacho.dylib
0x00007ff82719f000 	/usr/lib/system/libquarantine.dylib
0x00007ff827ebb000 	/usr/lib/system/libremovefile.dylib
0x00007ff81f5ec000 	/usr/lib/system/libsystem_asl.dylib
0x00007ff8196a5000 	/usr/lib/system/libsystem_blocks.dylib
0x00007ff819854000 	/usr/lib/system/libsystem_c.dylib
0x00007ff827eb3000 	/usr/lib/system/libsystem_collections.dylib
0x00007ff82606e000 	/usr/lib/system/libsystem_configuration.dylib
0x00007ff824dc4000 	/usr/lib/system/libsystem_containermanager.dylib
0x00007ff827a2c000 	/usr/lib/system/libsystem_coreservices.dylib
0x00007ff81d01d000 	/usr/lib/system/libsystem_darwin.dylib
0x00007ffd29711000 	/usr/lib/system/libsystem_darwindirectory.dylib
0x00007ff827ebf000 	/usr/lib/system/libsystem_dnssd.dylib
0x00007ffd29716000 	/usr/lib/system/libsystem_eligibility.dylib
0x00007ff819851000 	/usr/lib/system/libsystem_featureflags.dylib
0x00007ff8199f5000 	/usr/lib/system/libsystem_info.dylib
0x00007ff827df7000 	/usr/lib/system/libsystem_m.dylib
0x00007ff8197be000 	/usr/lib/system/libsystem_malloc.dylib
0x00007ff81f55c000 	/usr/lib/system/libsystem_networkextension.dylib
0x00007ff81d459000 	/usr/lib/system/libsystem_notify.dylib
0x00007ff826072000 	/usr/lib/system/libsystem_sandbox.dylib
0x00007ffd2971e000 	/usr/lib/system/libsystem_sanitizers.dylib
0x00007ff827eb8000 	/usr/lib/system/libsystem_secinit.dylib
0x00007ff819973000 	/usr/lib/system/libsystem_kernel.dylib
0x00007ff8199eb000 	/usr/lib/system/libsystem_platform.dylib
0x00007ff8199b0000 	/usr/lib/system/libsystem_pthread.dylib
0x00007ff82139b000 	/usr/lib/system/libsystem_symptoms.dylib
0x00007ff8196f0000 	/usr/lib/system/libsystem_trace.dylib
0x00007ff827e8e000 	/usr/lib/system/libunwind.dylib
0x00007ff8196a9000 	/usr/lib/system/libxpc.dylib
0x00007ff8195c4000 	/usr/lib/libobjc.A.dylib
0x00007ff819a23000 	/System/Library/Frameworks/CoreFoundation.framework/Versions/A/CoreFoundation
0x00007ff82b8a9000 	/usr/lib/swift/libswiftCore.dylib
0x00007ff81995c000 	/usr/lib/libc++abi.dylib
0x00007ffd28170000 	/usr/lib/libRosetta.dylib
0x00007ff8198dd000 	/usr/lib/libc++.1.dylib
0x00007ff81ab84000 	/System/Library/Frameworks/Foundation.framework/Versions/C/Foundation
0x00007ff8346c8000 	/usr/lib/swift/libswiftObjectiveC.dylib
0x00007ff81d311000 	/System/Library/PrivateFrameworks/CoreServicesInternal.framework/Versions/A/CoreServicesInternal
0x00007ff827e97000 	/usr/lib/liboah.dylib
0x00007ff827ed0000 	/usr/lib/libfakelink.dylib
0x00007ff81cd74000 	/usr/lib/libicucore.A.dylib
0x00007ff827ed3000 	/System/Library/PrivateFrameworks/SoftLinking.framework/Versions/A/SoftLinking
0x00007ff82fd95000 	/System/Library/Frameworks/CoreServices.framework/Versions/A/CoreServices
0x00007ff81c990000 	/System/Library/Frameworks/Security.framework/Versions/A/Security
0x00007ff81d393000 	/System/Library/Frameworks/IOKit.framework/Versions/A/IOKit
0x00007ff833cd8000 	/System/Library/PrivateFrameworks/DiskImages.framework/Versions/A/DiskImages
0x00007ff91f826000 	/System/Library/Frameworks/NetFS.framework/Versions/A/NetFS
0x00007ff81f1b5000 	/System/Library/Frameworks/CFNetwork.framework/Versions/A/CFNetwork
0x00007ff823354000 	/System/Library/Frameworks/CoreServices.framework/Versions/A/Frameworks/FSEvents.framework/Versions/A/FSEvents
0x00007ff81d028000 	/System/Library/Frameworks/CoreServices.framework/Versions/A/Frameworks/CarbonCore.framework/Versions/A/CarbonCore
0x00007ff822542000 	/System/Library/Frameworks/CoreServices.framework/Versions/A/Frameworks/Metadata.framework/Versions/A/Metadata
0x00007ff827a33000 	/System/Library/Frameworks/CoreServices.framework/Versions/A/Frameworks/OSServices.framework/Versions/A/OSServices
0x00007ff827ffd000 	/System/Library/Frameworks/CoreServices.framework/Versions/A/Frameworks/SearchKit.framework/Versions/A/SearchKit
0x00007ff82131b000 	/System/Library/Frameworks/CoreServices.framework/Versions/A/Frameworks/AE.framework/Versions/A/AE
0x00007ff819ed8000 	/System/Library/Frameworks/CoreServices.framework/Versions/A/Frameworks/LaunchServices.framework/Versions/A/LaunchServices
0x00007ff829610000 	/System/Library/Frameworks/CoreServices.framework/Versions/A/Frameworks/DictionaryServices.framework/Versions/A/DictionaryServices
0x00007ff823362000 	/System/Library/Frameworks/CoreServices.framework/Versions/A/Frameworks/SharedFileList.framework/Versions/A/SharedFileList
0x00007ff81a810000 	/System/Library/Frameworks/SystemConfiguration.framework/Versions/A/SystemConfiguration
0x00007ff82807f000 	/usr/lib/libapple_nghttp2.dylib
0x00007ff8280cc000 	/usr/lib/libcompression.dylib
0x00007ff820f77000 	/usr/lib/libsqlite3.dylib
0x00007ff8224b5000 	/System/Library/PrivateFrameworks/CoreAnalytics.framework/Versions/A/CoreAnalytics
0x00007ff81faf1000 	/System/Library/Frameworks/CoreGraphics.framework/Versions/A/CoreGraphics
0x00007ff82c4c0000 	/System/Library/Frameworks/GSS.framework/Versions/A/GSS
0x00007ff82aab2000 	/System/Library/PrivateFrameworks/InternationalSupport.framework/Versions/A/InternationalSupport
0x00007ff8212b6000 	/System/Library/PrivateFrameworks/RunningBoardServices.framework/Versions/A/RunningBoardServices
0x00007ff81f576000 	/usr/lib/libenergytrace.dylib
0x00007ff8213a3000 	/System/Library/Frameworks/Network.framework/Versions/A/Network
0x00007ff8224e3000 	/usr/lib/libDiagnosticMessagesClient.dylib
0x00007ff8271c4000 	/usr/lib/libbsm.0.dylib
0x00007ff827e6a000 	/usr/lib/system/libkxld.dylib
0x00007ffb2d4dc000 	/System/Library/PrivateFrameworks/AppleKeyStore.framework/Versions/A/AppleKeyStore
0x00007ffd2803d000 	/usr/lib/libCoreEntitlements.dylib
0x00007ffc27882000 	/System/Library/PrivateFrameworks/MessageSecurity.framework/Versions/A/MessageSecurity
0x00007ff820f5d000 	/System/Library/PrivateFrameworks/ProtocolBuffer.framework/Versions/A/ProtocolBuffer
0x00007ff81f577000 	/usr/lib/libMobileGestalt.dylib
0x00007ff827a12000 	/System/Library/PrivateFrameworks/AppleFSCompression.framework/Versions/A/AppleFSCompression
0x00007ff8271ac000 	/usr/lib/libcoretls.dylib
0x00007ff82967e000 	/usr/lib/libcoretls_cfhelpers.dylib
0x00007ff8280c6000 	/usr/lib/libpam.2.dylib
0x00007ff8296f8000 	/usr/lib/libxar.1.dylib
0x00007ff82338d000 	/System/Library/PrivateFrameworks/CoreAutoLayout.framework/Versions/A/CoreAutoLayout
0x00007ff8225ca000 	/System/Library/Frameworks/DiskArbitration.framework/Versions/A/DiskArbitration
0x00007ff827f22000 	/usr/lib/libarchive.2.dylib
0x00007ff8233d7000 	/usr/lib/libxml2.2.dylib
0x00007ff82607f000 	/usr/lib/liblangid.dylib
0x00007ff82dc04000 	/System/Library/Frameworks/Combine.framework/Versions/A/Combine
0x00007ffb31497000 	/System/Library/PrivateFrameworks/CollectionsInternal.framework/Versions/A/CollectionsInternal
0x00007ffc2fcda000 	/System/Library/PrivateFrameworks/ReflectionInternal.framework/Versions/A/ReflectionInternal
0x00007ffc30884000 	/System/Library/PrivateFrameworks/RuntimeInternal.framework/Versions/A/RuntimeInternal
0x00007ff9226cb000 	/usr/lib/swift/libswiftCoreFoundation.dylib
0x00007ff91fcee000 	/usr/lib/swift/libswiftDarwin.dylib
0x00007ff831b6c000 	/usr/lib/swift/libswiftDispatch.dylib
0x00007ff922719000 	/usr/lib/swift/libswiftIOKit.dylib
0x00007ffd29372000 	/usr/lib/swift/libswiftSystem.dylib
0x00007ff9226db000 	/usr/lib/swift/libswiftXPC.dylib
0x00007ffd293de000 	/usr/lib/swift/libswift_Builtin_float.dylib
0x00007ffd293e1000 	/usr/lib/swift/libswift_Concurrency.dylib
0x00007ffd2952a000 	/usr/lib/swift/libswift_StringProcessing.dylib
0x00007ffd295af000 	/usr/lib/swift/libswift_errno.dylib
0x00007ffd295b1000 	/usr/lib/swift/libswift_math.dylib
0x00007ffd295b4000 	/usr/lib/swift/libswift_signal.dylib
0x00007ffd295b5000 	/usr/lib/swift/libswift_stdio.dylib
0x00007ffd295b6000 	/usr/lib/swift/libswift_time.dylib
0x00007ff8346cc000 	/usr/lib/swift/libswiftos.dylib
0x00007ffd295b7000 	/usr/lib/swift/libswiftsys_time.dylib
0x00007ffd295b8000 	/usr/lib/swift/libswiftunistd.dylib
0x00007ff82607a000 	/System/Library/PrivateFrameworks/AppleSystemInfo.framework/Versions/A/AppleSystemInfo
0x00007ff9225bd000 	/System/Library/PrivateFrameworks/LoggingSupport.framework/Versions/A/LoggingSupport
0x00007ff830cf5000 	/System/Library/PrivateFrameworks/PowerLog.framework/Versions/A/PowerLog
0x00007ffb27ebf000 	/System/Library/Frameworks/SwiftData.framework/Versions/A/SwiftData
0x00007ff81ebf3000 	/System/Library/Frameworks/UniformTypeIdentifiers.framework/Versions/A/UniformTypeIdentifiers
0x00007ff82354c000 	/System/Library/PrivateFrameworks/UserManagement.framework/Versions/A/UserManagement
0x00007ff81f0db000 	/usr/lib/libboringssl.dylib
0x00007ff82138b000 	/usr/lib/libdns_services.dylib
0x00007ff9217c6000 	/usr/lib/libquic.dylib
0x00007ff82b831000 	/usr/lib/libusrtcp.dylib
0x00007ffa26b1a000 	/System/Library/PrivateFrameworks/InternalSwiftProtobuf.framework/Versions/A/InternalSwiftProtobuf
0x00007ffd292b6000 	/usr/lib/swift/libswiftDistributed.dylib
0x00007ffd292df000 	/usr/lib/swift/libswiftObservation.dylib
0x00007ffd29368000 	/usr/lib/swift/libswiftSynchronization.dylib
0x00007ff81f1b4000 	/usr/lib/libnetwork.dylib
0x00007ff93371d000 	/System/Library/PrivateFrameworks/OSAnalytics.framework/Versions/A/OSAnalytics
0x00007ff82805d000 	/System/Library/PrivateFrameworks/AppleSauce.framework/Versions/A/AppleSauce
0x00007ff832300000 	/System/Library/PrivateFrameworks/CoreSymbolication.framework/Versions/A/CoreSymbolication
0x00007ffa224a6000 	/System/Library/PrivateFrameworks/Symbolication.framework/Versions/A/Symbolication
0x00007ff8322e0000 	/System/Library/PrivateFrameworks/DebugSymbols.framework/Versions/A/DebugSymbols
0x00007ffd27efc000 	/usr/lib/libAppleArchive.dylib
0x00007ff827a1d000 	/usr/lib/libbz2.1.0.dylib
0x00007ff82965e000 	/usr/lib/liblzma.5.dylib
0x00007ff826eb4000 	/System/Library/PrivateFrameworks/IOMobileFramebuffer.framework/Versions/A/IOMobileFramebuffer
0x00007ff824df3000 	/System/Library/Frameworks/IOSurface.framework/Versions/A/IOSurface
0x00007ff92264b000 	/System/Library/PrivateFrameworks/MallocStackLogging.framework/Versions/A/MallocStackLogging
0x00007ff82994e000 	/System/Library/PrivateFrameworks/CrashReporterSupport.framework/Versions/A/CrashReporterSupport
0x00007ff81a5c5000 	/System/Library/PrivateFrameworks/Lexicon.framework/Versions/A/Lexicon
0x00007ffc206cd000 	/System/Library/PrivateFrameworks/IO80211.framework/Versions/A/IO80211
0x00007ff831de2000 	/System/Library/PrivateFrameworks/FrontBoardServices.framework/Versions/A/FrontBoardServices
0x00007ff8270de000 	/System/Library/Frameworks/SecurityFoundation.framework/Versions/A/SecurityFoundation
0x00007ff82722f000 	/usr/lib/libgermantok.dylib
0x00007ff82618f000 	/System/Library/PrivateFrameworks/LinguisticData.framework/Versions/A/LinguisticData
0x00007ff8211d3000 	/System/Library/PrivateFrameworks/BaseBoard.framework/Versions/A/BaseBoard
0x00007ff831eb0000 	/System/Library/PrivateFrameworks/BoardServices.framework/Versions/A/BoardServices
0x00007ff8270d1000 	/System/Library/PrivateFrameworks/AssertionServices.framework/Versions/A/AssertionServices
0x00007ff833b11000 	/System/Library/PrivateFrameworks/BackBoardServices.framework/Versions/A/BackBoardServices
0x00007ff825807000 	/System/Library/Frameworks/ImageIO.framework/Versions/A/ImageIO
0x00007ff81f624000 	/System/Library/PrivateFrameworks/SkyLight.framework/Versions/A/SkyLight
0x00007ff82520f000 	/System/Library/PrivateFrameworks/FontServices.framework/libFontParser.dylib
0x00007ff830041000 	/System/Library/Frameworks/Accelerate.framework/Versions/A/Accelerate
0x00007ff81f604000 	/System/Library/PrivateFrameworks/TCC.framework/Versions/A/TCC
0x00007ff837696000 	/System/Library/PrivateFrameworks/IOSurfaceAccelerator.framework/Versions/A/IOSurfaceAccelerator
0x00007ff82a22d000 	/System/Library/PrivateFrameworks/WatchdogClient.framework/Versions/A/WatchdogClient
0x00007ff81bb28000 	/System/Library/Frameworks/CoreDisplay.framework/Versions/A/CoreDisplay
0x00007ff8250bb000 	/System/Library/Frameworks/CoreMedia.framework/Versions/A/CoreMedia
0x00007ff824e0b000 	/System/Library/PrivateFrameworks/IOAccelerator.framework/Versions/A/IOAccelerator
0x00007ff824e14000 	/System/Library/Frameworks/Metal.framework/Versions/A/Metal
0x00007ff8234ba000 	/System/Library/Frameworks/CoreVideo.framework/Versions/A/CoreVideo
0x00007ff8280c4000 	/System/Library/Frameworks/MetalPerformanceShaders.framework/Versions/A/MetalPerformanceShaders
0x00007ff82a22f000 	/System/Library/PrivateFrameworks/MultitouchSupport.framework/Versions/A/MultitouchSupport
0x00007ff822c9b000 	/System/Library/Frameworks/QuartzCore.framework/Versions/A/QuartzCore
0x00007ffc2f12b000 	/System/Library/PrivateFrameworks/ProDisplayLibrary.framework/Versions/A/ProDisplayLibrary
0x00007ff82a273000 	/System/Library/Frameworks/VideoToolbox.framework/Versions/A/VideoToolbox
0x00007ff92f5a9000 	/usr/lib/swift/libswiftMetal.dylib
0x00007ffa1e962000 	/usr/lib/swift/libswiftOSLog.dylib
0x00007ff9349f6000 	/usr/lib/swift/libswiftQuartzCore.dylib
0x00007ffa19465000 	/usr/lib/swift/libswiftUniformTypeIdentifiers.dylib
0x00007ff926131000 	/usr/lib/swift/libswiftsimd.dylib
0x00007ff8270b6000 	/System/Library/PrivateFrameworks/MobileKeyBag.framework/Versions/A/MobileKeyBag
0x00007ff826079000 	/System/Library/PrivateFrameworks/AggregateDictionary.framework/Versions/A/AggregateDictionary
0x00007ff829680000 	/System/Library/PrivateFrameworks/APFS.framework/Versions/A/APFS
0x00007ff829706000 	/usr/lib/libutil.dylib
0x00007ffd19013000 	/System/Library/PrivateFrameworks/SwiftASN1Internal.framework/Versions/A/SwiftASN1Internal
0x00007ff8225d2000 	/System/Library/Frameworks/Accelerate.framework/Versions/A/Frameworks/vImage.framework/Versions/A/vImage
0x00007ff82fd6c000 	/System/Library/Frameworks/Accelerate.framework/Versions/A/Frameworks/vecLib.framework/Versions/A/vecLib
0x00007ff82973b000 	/System/Library/Frameworks/Accelerate.framework/Versions/A/Frameworks/vecLib.framework/Versions/A/libvMisc.dylib
0x00007ff81a35f000 	/System/Library/Frameworks/Accelerate.framework/Versions/A/Frameworks/vecLib.framework/Versions/A/libBLAS.dylib
0x00007ff834201000 	/System/Library/Frameworks/ApplicationServices.framework/Versions/A/ApplicationServices
0x00007ff8203e4000 	/System/Library/Frameworks/ColorSync.framework/Versions/A/ColorSync
0x00007ff81c015000 	/System/Library/Frameworks/CoreText.framework/Versions/A/CoreText
0x00007ff82c0a3000 	/System/Library/Frameworks/ApplicationServices.framework/Versions/A/Frameworks/ATS.framework/Versions/A/ATS
0x00007ff820599000 	/System/Library/Frameworks/ApplicationServices.framework/Versions/A/Frameworks/HIServices.framework/Versions/A/HIServices
0x00007ff82a981000 	/System/Library/Frameworks/ApplicationServices.framework/Versions/A/Frameworks/PrintCore.framework/Versions/A/PrintCore
0x00007ff82c48a000 	/System/Library/Frameworks/ApplicationServices.framework/Versions/A/Frameworks/QD.framework/Versions/A/QD
0x00007ff82c482000 	/System/Library/Frameworks/ApplicationServices.framework/Versions/A/Frameworks/ColorSyncLegacy.framework/Versions/A/ColorSyncLegacy
0x00007ff82c079000 	/System/Library/Frameworks/ApplicationServices.framework/Versions/A/Frameworks/SpeechSynthesis.framework/Versions/A/SpeechSynthesis
0x00007ff826e83000 	/System/Library/PrivateFrameworks/CoreEmoji.framework/Versions/A/CoreEmoji
0x00007ffb3756a000 	/System/Library/PrivateFrameworks/FontServices.framework/Versions/A/FontServices
0x00007ff829d91000 	/System/Library/PrivateFrameworks/OTSVG.framework/Versions/A/OTSVG
0x00007ff823049000 	/System/Library/Frameworks/ApplicationServices.framework/Versions/A/Frameworks/ATS.framework/Versions/A/Resources/libFontRegistry.dylib
0x00007ffd286b4000 	/usr/lib/libhvf.dylib
0x00007ffc2b711000 	/System/Library/PrivateFrameworks/ParsingInternal.framework/Versions/A/ParsingInternal
0x00007ffd292fb000 	/usr/lib/swift/libswiftRegexBuilder.dylib
0x00007ffd2947c000 	/usr/lib/swift/libswift_RegexParser.dylib
0x00007ff82a0f3000 	/System/Library/PrivateFrameworks/AppleJPEG.framework/Versions/A/AppleJPEG
0x00007ff829bb1000 	/usr/lib/libexpat.1.dylib
0x00007ff82a848000 	/System/Library/Frameworks/ImageIO.framework/Versions/A/Resources/libPng.dylib
0x00007ff82a876000 	/System/Library/Frameworks/ImageIO.framework/Versions/A/Resources/libTIFF.dylib
0x00007ff82a96c000 	/System/Library/Frameworks/ImageIO.framework/Versions/A/Resources/libGIF.dylib
0x00007ff82a140000 	/System/Library/Frameworks/ImageIO.framework/Versions/A/Resources/libJP2.dylib
0x00007ff8298af000 	/usr/lib/libate.dylib
0x00007ff82a90b000 	/System/Library/Frameworks/ImageIO.framework/Versions/A/Resources/libJPEG.dylib
0x00007ff82a902000 	/System/Library/Frameworks/ImageIO.framework/Versions/A/Resources/libRadiance.dylib
0x00007ffc1c8b8000 	/System/Library/PrivateFrameworks/GPUCompiler.framework/Versions/32023/Libraries/libllvm-flatbuffers.dylib
0x00007ffb37635000 	/System/Library/PrivateFrameworks/FramePacing.framework/Versions/A/FramePacing
0x00007ffb1f14c000 	/System/Library/Frameworks/OpenGL.framework/Versions/A/Libraries/libCoreFSCache.dylib
0x00007ffc184c0000 	/System/Library/PrivateFrameworks/GPUCompiler.framework/Versions/32023/Libraries/libGPUCompilerUtils.dylib
0x00007ffb3756b000 	/System/Library/PrivateFrameworks/FontServices.framework/libXTFontStaticRegistryData.dylib
0x00007ff825b9b000 	/System/Library/Frameworks/CoreImage.framework/Versions/A/CoreImage
0x00007ffc2e407000 	/System/Library/PrivateFrameworks/PhotosensitivityProcessing.framework/Versions/A/PhotosensitivityProcessing
0x00007ffb1f158000 	/System/Library/Frameworks/OpenGL.framework/Versions/A/OpenGL
0x00007ffb2071c000 	/System/Library/Frameworks/OpenCL.framework/Versions/A/OpenCL
0x00007ff829d82000 	/System/Library/PrivateFrameworks/GraphVisualizer.framework/Versions/A/GraphVisualizer
0x00007ffb1f1aa000 	/System/Library/Frameworks/OpenGL.framework/Versions/A/Libraries/libGLU.dylib
0x00007ffb1f16b000 	/System/Library/Frameworks/OpenGL.framework/Versions/A/Libraries/libGFXShared.dylib
0x00007ffb1f367000 	/System/Library/Frameworks/OpenGL.framework/Versions/A/Libraries/libGL.dylib
0x00007ffb1f174000 	/System/Library/Frameworks/OpenGL.framework/Versions/A/Libraries/libGLImage.dylib
0x00007ffb1f168000 	/System/Library/Frameworks/OpenGL.framework/Versions/A/Libraries/libCVMSPluginSupport.dylib
0x00007ffb1f153000 	/System/Library/Frameworks/OpenGL.framework/Versions/A/Libraries/libCoreVMClient.dylib
0x00007ff825fb3000 	/System/Library/Frameworks/MetalPerformanceShaders.framework/Versions/A/Frameworks/MPSCore.framework/Versions/A/MPSCore
0x00007ff82796d000 	/System/Library/Frameworks/MetalPerformanceShaders.framework/Versions/A/Frameworks/MPSImage.framework/Versions/A/MPSImage
0x00007ff827248000 	/System/Library/Frameworks/MetalPerformanceShaders.framework/Versions/A/Frameworks/MPSNeuralNetwork.framework/Versions/A/MPSNeuralNetwork
0x00007ff8277a8000 	/System/Library/Frameworks/MetalPerformanceShaders.framework/Versions/A/Frameworks/MPSMatrix.framework/Versions/A/MPSMatrix
0x00007ff82755e000 	/System/Library/Frameworks/MetalPerformanceShaders.framework/Versions/A/Frameworks/MPSRayIntersector.framework/Versions/A/MPSRayIntersector
0x00007ff8277e7000 	/System/Library/Frameworks/MetalPerformanceShaders.framework/Versions/A/Frameworks/MPSNDArray.framework/Versions/A/MPSNDArray
0x00007ffb251ce000 	/System/Library/Frameworks/MetalPerformanceShaders.framework/Versions/A/Frameworks/MPSFunctions.framework/Versions/A/MPSFunctions
0x00007ffb251b0000 	/System/Library/Frameworks/MetalPerformanceShaders.framework/Versions/A/Frameworks/MPSBenchmarkLoop.framework/Versions/A/MPSBenchmarkLoop
0x00007ff81a1d0000 	/System/Library/PrivateFrameworks/MetalTools.framework/Versions/A/MetalTools
0x00007ff92767e000 	/System/Library/PrivateFrameworks/IOAccelMemoryInfo.framework/Versions/A/IOAccelMemoryInfo
0x00007ff934dfc000 	/System/Library/PrivateFrameworks/kperf.framework/Versions/A/kperf
0x00007ff9226ad000 	/System/Library/PrivateFrameworks/GPURawCounter.framework/Versions/A/GPURawCounter
0x00007ff82a93d000 	/System/Library/Frameworks/ApplicationServices.framework/Versions/A/Frameworks/ATSUI.framework/Versions/A/ATSUI
0x00007ff82c414000 	/usr/lib/libcups.2.dylib
0x00007ff82c4b1000 	/System/Library/Frameworks/Kerberos.framework/Versions/A/Kerberos
0x00007ff82c11c000 	/usr/lib/libresolv.9.dylib
0x00007ff827f0a000 	/usr/lib/libiconv.2.dylib
0x00007ff829de9000 	/System/Library/PrivateFrameworks/Heimdal.framework/Versions/A/Heimdal
0x00007ff834620000 	/System/Library/Frameworks/Kerberos.framework/Versions/A/Libraries/libHeimdalProxy.dylib
0x00007ff829bcd000 	/usr/lib/libheimdal-asn1.dylib
0x00007ff82332c000 	/System/Library/Frameworks/OpenDirectory.framework/Versions/A/OpenDirectory
0x00007ff82c509000 	/System/Library/PrivateFrameworks/CommonAuth.framework/Versions/A/CommonAuth
0x00007ff823338000 	/System/Library/Frameworks/OpenDirectory.framework/Versions/A/Frameworks/CFOpenDirectory.framework/Versions/A/CFOpenDirectory
0x00007ff827e65000 	/usr/lib/libcharset.1.dylib
0x00007ffb22204000 	/System/Library/Frameworks/AVFAudio.framework/Versions/A/AVFAudio
0x00007ff91bf0a000 	/System/Library/PrivateFrameworks/AXCoreUtilities.framework/Versions/A/AXCoreUtilities
0x00007ff82be6a000 	/System/Library/Frameworks/AudioToolbox.framework/Versions/A/AudioToolbox
0x00007ff81c24e000 	/System/Library/Frameworks/CoreAudio.framework/Versions/A/CoreAudio
0x00007ffc23993000 	/System/Library/PrivateFrameworks/IsolatedCoreAudioClient.framework/Versions/A/IsolatedCoreAudioClient
0x00007ff82c061000 	/usr/lib/libAudioStatistics.dylib
0x00007ff825097000 	/System/Library/PrivateFrameworks/caulk.framework/Versions/A/caulk
0x00007ff81bc53000 	/System/Library/PrivateFrameworks/AudioToolboxCore.framework/Versions/A/AudioToolboxCore
0x00007ff836abf000 	/System/Library/Frameworks/CoreMIDI.framework/Versions/A/CoreMIDI
0x00007ff82c008000 	/System/Library/PrivateFrameworks/AudioSession.framework/Versions/A/AudioSession
0x00007ff82d988000 	/System/Library/Frameworks/IOBluetooth.framework/Versions/A/IOBluetooth
0x00007ff829cb9000 	/System/Library/PrivateFrameworks/MediaExperience.framework/Versions/A/MediaExperience
0x00007ffd1ba5a000 	/System/Library/PrivateFrameworks/Tightbeam.framework/Versions/A/Tightbeam
0x00007ffb31e58000 	/System/Library/PrivateFrameworks/CoreAudioOrchestration.framework/Versions/A/CoreAudioOrchestration
0x00007ffa19aa9000 	/System/Library/PrivateFrameworks/AFKUser.framework/Versions/A/AFKUser
0x00007ffa2d8ed000 	/System/Library/PrivateFrameworks/FeatureFlags.framework/Versions/A/FeatureFlags
0x00007ff9226b1000 	/usr/lib/swift/libswiftCoreAudio.dylib
0x00007ff829dd7000 	/System/Library/PrivateFrameworks/AppServerSupport.framework/Versions/A/AppServerSupport
0x00007ff82c494000 	/System/Library/PrivateFrameworks/perfdata.framework/Versions/A/perfdata
0x00007ff9218b3000 	/System/Library/PrivateFrameworks/SystemPolicy.framework/Versions/A/SystemPolicy
0x00007ff82c333000 	/usr/lib/libSMC.dylib
0x00007ff82a813000 	/usr/lib/libAudioToolboxUtility.dylib
0x00007ff82c4a2000 	/usr/lib/libperfcheck.dylib
0x00007ffb2e355000 	/System/Library/PrivateFrameworks/AudioAnalytics.framework/Versions/A/AudioAnalytics
0x00007ffa268ef000 	/System/Library/Frameworks/OSLog.framework/Versions/A/OSLog
0x00007ff92267b000 	/usr/lib/libmis.dylib
0x00007ff82be29000 	/System/Library/PrivateFrameworks/AudioSession.framework/libSessionUtility.dylib
0x00007ff82a972000 	/System/Library/PrivateFrameworks/CMCaptureCore.framework/Versions/A/CMCaptureCore
0x00007ff829de2000 	/usr/lib/libspindump.dylib
0x00007ffb23721000 	/System/Library/Frameworks/ExtensionFoundation.framework/Versions/A/ExtensionFoundation
0x00007ff832412000 	/System/Library/PrivateFrameworks/CoreTime.framework/Versions/A/CoreTime
0x00007ff829aa1000 	/System/Library/PrivateFrameworks/PlugInKit.framework/Versions/A/PlugInKit
0x00007ff830bfb000 	/System/Library/Frameworks/CoreBluetooth.framework/Versions/A/CoreBluetooth
0x00007ff834621000 	/System/Library/Frameworks/AudioUnit.framework/Versions/A/AudioUnit
0x00007ff826f40000 	/System/Library/PrivateFrameworks/CoreUtils.framework/Versions/A/CoreUtils
0x00007ffb34fe6000 	/System/Library/PrivateFrameworks/CoreUtilsExtras.framework/Versions/A/CoreUtilsExtras
0x00007ff83008e000 	/System/Library/Frameworks/MediaAccessibility.framework/Versions/A/MediaAccessibility
0x00007ff92aa64000 	/System/Library/PrivateFrameworks/AttributeGraph.framework/Versions/A/AttributeGraph
0x00007ffd27e7d000 	/usr/lib/libAXSafeCategoryBundle.dylib
0x00007ff91bfaf000 	/usr/lib/libAccessibility.dylib
0x00007ff826cb7000 	/System/Library/Frameworks/Accelerate.framework/Versions/A/Frameworks/vecLib.framework/Versions/A/libvDSP.dylib
0x00007ff8281b2000 	/System/Library/Frameworks/Accelerate.framework/Versions/A/Frameworks/vecLib.framework/Versions/A/libLAPACK.dylib
0x00007ff827232000 	/System/Library/Frameworks/Accelerate.framework/Versions/A/Frameworks/vecLib.framework/Versions/A/libLinearAlgebra.dylib
0x00007ff82809a000 	/System/Library/Frameworks/Accelerate.framework/Versions/A/Frameworks/vecLib.framework/Versions/A/libSparseBLAS.dylib
0x00007ff8281ac000 	/System/Library/Frameworks/Accelerate.framework/Versions/A/Frameworks/vecLib.framework/Versions/A/libQuadrature.dylib
0x00007ff826195000 	/System/Library/Frameworks/Accelerate.framework/Versions/A/Frameworks/vecLib.framework/Versions/A/libBNNS.dylib
0x00007ff81a6c9000 	/System/Library/Frameworks/Accelerate.framework/Versions/A/Frameworks/vecLib.framework/Versions/A/libSparse.dylib
0x00007ffc24d65000 	/System/Library/PrivateFrameworks/MIL.framework/Versions/A/MIL
0x00007ff82a8fb000 	/System/Library/PrivateFrameworks/GPUWrangler.framework/Versions/A/GPUWrangler
0x00007ff82a8df000 	/System/Library/PrivateFrameworks/IOPresentment.framework/Versions/A/IOPresentment
0x00007ff82a905000 	/System/Library/PrivateFrameworks/DSExternalDisplay.framework/Versions/A/DSExternalDisplay
0x00007ffa26ce5000 	/System/Library/PrivateFrameworks/HIDDisplay.framework/Versions/A/HIDDisplay
0x00007ff91b21e000 	/System/Library/PrivateFrameworks/HID.framework/Versions/A/HID
0x00007ffd1f09e000 	/System/Library/PrivateFrameworks/VideoToolboxParavirtualizationSupport.framework/Versions/A/VideoToolboxParavirtualizationSupport
0x00007ff829b63000 	/System/Library/PrivateFrameworks/AppleVA.framework/Versions/A/AppleVA
0x00007ff831f5d000 	/System/Library/PrivateFrameworks/GraphicsServices.framework/Versions/A/GraphicsServices
0x00007ff820a4c000 	/System/Library/Frameworks/CoreData.framework/Versions/A/CoreData
0x00007ff82c67f000 	/System/Library/PrivateFrameworks/CorePhoneNumbers.framework/Versions/A/CorePhoneNumbers
0x00007ff830dd7000 	/System/Library/PrivateFrameworks/MediaKit.framework/Versions/A/MediaKit
0x00007ff830d31000 	/System/Library/Frameworks/DiscRecording.framework/Versions/A/DiscRecording
0x00007ffb2315a000 	/System/Library/Frameworks/CoreTransferable.framework/Versions/A/CoreTransferable
0x00007ff82c477000 	/System/Library/PrivateFrameworks/NetAuth.framework/Versions/A/NetAuth
0x00007ff829c22000 	/System/Library/PrivateFrameworks/IconServices.framework/Versions/A/IconServices
0x00007ff82350e000 	/System/Library/PrivateFrameworks/login.framework/Versions/A/Frameworks/loginsupport.framework/Versions/A/loginsupport
0x00007ff922718000 	/usr/lib/swift/libswiftCoreImage.dylib
0x00007ff829bd6000 	/System/Library/PrivateFrameworks/IconFoundation.framework/Versions/A/IconFoundation
0x00007ff823096000 	/System/Library/PrivateFrameworks/CoreUI.framework/Versions/A/CoreUI
0x00007ff82a9f4000 	/System/Library/PrivateFrameworks/TextureIO.framework/Versions/A/TextureIO
0x00007ff8257cf000 	/System/Library/PrivateFrameworks/CoreSVG.framework/Versions/A/CoreSVG
0x00007ffa19474000 	/usr/lib/swift/libswiftAccelerate.dylib
0x00007ff829945000 	/usr/lib/libIOReport.dylib
0x00007ffb2df86000 	/System/Library/PrivateFrameworks/AppleMobileFileIntegrity.framework/Versions/A/AppleMobileFileIntegrity
0x00007ffd281cb000 	/usr/lib/libTLE.dylib
0x00007ffa36220000 	/System/Library/PrivateFrameworks/ConfigProfileHelper.framework/Versions/A/ConfigProfileHelper
0x00007ff8271d4000 	/usr/lib/libmecab.dylib
0x00007ff81a896000 	/usr/lib/libCRFSuite.dylib
0x00007ff826081000 	/System/Library/PrivateFrameworks/CoreNLP.framework/Versions/A/CoreNLP
0x00007ff828055000 	/usr/lib/libThaiTokenizer.dylib
0x00007ff82adba000 	/System/Library/PrivateFrameworks/DataDetectorsCore.framework/Versions/A/DataDetectorsCore
0x00007ff9261de000 	/System/Library/PrivateFrameworks/TextInput.framework/Versions/A/TextInput
0x00007ff81ea17000 	/System/Library/PrivateFrameworks/UIFoundation.framework/Versions/A/UIFoundation
0x00007ff8271a2000 	/usr/lib/libCheckFix.dylib
0x00007ff8224e5000 	/System/Library/PrivateFrameworks/MetadataUtilities.framework/Versions/A/MetadataUtilities
0x00007ffc20ec4000 	/System/Library/PrivateFrameworks/InstalledContentLibrary.framework/Versions/A/InstalledContentLibrary
0x00007ff81d352000 	/System/Library/PrivateFrameworks/CoreServicesStore.framework/Versions/A/CoreServicesStore
0x00007ff82338a000 	/usr/lib/libapp_launch_measurement.dylib
0x00007ff934efc000 	/System/Library/PrivateFrameworks/MobileSystemServices.framework/Versions/A/MobileSystemServices
0x00007ff82970a000 	/usr/lib/libxslt.1.dylib
0x00007ff827168000 	/System/Library/PrivateFrameworks/BackgroundTaskManagement.framework/Versions/A/BackgroundTaskManagement
0x00007ff833e85000 	/usr/lib/libcurl.4.dylib
0x00007ffd2855e000 	/usr/lib/libcrypto.46.dylib
0x00007ffd29095000 	/usr/lib/libssl.48.dylib
0x00007ff833b6b000 	/System/Library/Frameworks/LDAP.framework/Versions/A/LDAP
0x00007ff833ba5000 	/System/Library/PrivateFrameworks/TrustEvaluationAgent.framework/Versions/A/TrustEvaluationAgent
0x00007ff82c139000 	/usr/lib/libsasl2.2.dylib
0x00007ff836cb9000 	/System/Library/Frameworks/Cocoa.framework/Versions/A/Cocoa
0x00007ff81d4c4000 	/System/Library/Frameworks/AppKit.framework/Versions/C/AppKit
0x00007ffb31470000 	/System/Library/PrivateFrameworks/CollectionViewCore.framework/Versions/A/CollectionViewCore
0x00007ff82f952000 	/System/Library/PrivateFrameworks/RemoteViewServices.framework/Versions/A/RemoteViewServices
0x00007ff8257ca000 	/System/Library/PrivateFrameworks/XCTTargetBootstrap.framework/Versions/A/XCTTargetBootstrap
0x00007ff82ae01000 	/System/Library/PrivateFrameworks/UserActivity.framework/Versions/A/UserActivity
0x00007ffd1d648000 	/System/Library/PrivateFrameworks/UIIntelligenceSupport.framework/Versions/A/UIIntelligenceSupport
0x00007ffb27fe8000 	/System/Library/Frameworks/SwiftUICore.framework/Versions/A/SwiftUICore
0x00007ffd22236000 	/System/Library/PrivateFrameworks/WritingTools.framework/Versions/A/WritingTools
0x00007ffd2138b000 	/System/Library/PrivateFrameworks/WindowManagement.framework/Versions/A/WindowManagement
0x00007ff8257b7000 	/System/Library/PrivateFrameworks/DFRFoundation.framework/Versions/A/DFRFoundation
0x00007ff8254d5000 	/System/Library/Frameworks/Carbon.framework/Versions/A/Frameworks/HIToolbox.framework/Versions/A/HIToolbox
0x00007ff82f98a000 	/System/Library/Frameworks/Carbon.framework/Versions/A/Frameworks/SpeechRecognition.framework/Versions/A/SpeechRecognition
0x00007ff91a588000 	/System/Library/PrivateFrameworks/RenderBox.framework/Versions/A/RenderBox
0x00007ff823321000 	/System/Library/PrivateFrameworks/PerformanceAnalysis.framework/Versions/A/PerformanceAnalysis
0x00007ff82fd10000 	/System/Library/Frameworks/Accessibility.framework/Versions/A/Accessibility
0x00007ffb235fe000 	/System/Library/Frameworks/DataDetection.framework/Versions/A/DataDetection
0x00007ffb23601000 	/System/Library/Frameworks/DeveloperToolsSupport.framework/Versions/A/DeveloperToolsSupport
0x00007ffb28b4e000 	/System/Library/Frameworks/Symbols.framework/Versions/A/Symbols
0x00007ffd292b5000 	/usr/lib/swift/libswiftDataDetection.dylib
0x00007ff91fced000 	/usr/lib/swift/libswiftCoreGraphics.dylib
0x00007ff8306ab000 	/usr/lib/swift/libswiftFoundation.dylib
0x00007ffa35cae000 	/usr/lib/swift/libswiftSwiftOnoneSupport.dylib
0x00007ffa22bb4000 	/System/Library/PrivateFrameworks/CoreMaterial.framework/Versions/A/CoreMaterial
0x00007ffc3096c000 	/System/Library/PrivateFrameworks/SFSymbols.framework/Versions/A/SFSymbols
0x00007ff82f97a000 	/System/Library/PrivateFrameworks/SpeechRecognitionCore.framework/Versions/A/SpeechRecognitionCore
0x000000010b07b000 	/usr/local/Cellar/openjdk/24.0.1/libexec/openjdk.jdk/Contents/Home/lib/server/libjvm.dylib
0x0000000105a30000 	/usr/local/Cellar/openjdk/24.0.1/libexec/openjdk.jdk/Contents/Home/lib/libjimage.dylib
0x0000000105ab6000 	/usr/local/Cellar/openjdk/24.0.1/libexec/openjdk.jdk/Contents/Home/lib/libjava.dylib
0x0000000105d51000 	/usr/local/Cellar/openjdk/24.0.1/libexec/openjdk.jdk/Contents/Home/lib/libnio.dylib
0x0000000105d3a000 	/usr/local/Cellar/openjdk/24.0.1/libexec/openjdk.jdk/Contents/Home/lib/libnet.dylib
0x0000000105d69000 	/usr/local/Cellar/openjdk/24.0.1/libexec/openjdk.jdk/Contents/Home/lib/libzip.dylib
0x0000000105d79000 	/usr/local/Cellar/openjdk/24.0.1/libexec/openjdk.jdk/Contents/Home/lib/libmanagement.dylib
0x0000000105d86000 	/usr/local/Cellar/openjdk/24.0.1/libexec/openjdk.jdk/Contents/Home/lib/libmanagement_ext.dylib
0x0000000105d94000 	/usr/local/Cellar/openjdk/24.0.1/libexec/openjdk.jdk/Contents/Home/lib/libverify.dylib
0x0000000105da7000 	/private/var/folders/kr/0q_yf83930j4h93c1mc7tskh0000gn/T/libnetty_resolver_dns_native_macos_x86_6413256185484044890479.dylib
0x0000000105db7000 	/usr/local/Cellar/openjdk/24.0.1/libexec/openjdk.jdk/Contents/Home/lib/libinstrument.dylib

JVMTI agents:
/Users/ducphuong/.m2/repository/net/bytebuddy/byte-buddy-agent/1.14.19/byte-buddy-agent-1.14.19.jar path:/usr/local/Cellar/openjdk/24.0.1/libexec/openjdk.jdk/Contents/Home/lib/libinstrument.dylib, loaded, initialized, dynamic instrumentlib options:none


VM Arguments:
java_command: /Users/ducphuong/Tài liệu học tập/VAIC/backend/target/surefire/surefirebooter-20260718113329866_3.jar /Users/ducphuong/Tài liệu học tập/VAIC/backend/target/surefire 2026-07-18T11-33-29_774-jvmRun1 surefire-20260718113329866_1tmp surefire_0-20260718113329866_2tmp
java_class_path (initial): /Users/ducphuong/Tài liệu học tập/VAIC/backend/target/surefire/surefirebooter-20260718113329866_3.jar
Launcher Type: SUN_STANDARD

[Global flags]
     intx CICompilerCount                          = 4                                         {product} {ergonomic}
     uint ConcGCThreads                            = 2                                         {product} {ergonomic}
     uint G1ConcRefinementThreads                  = 8                                         {product} {ergonomic}
   size_t G1HeapRegionSize                         = 2097152                                   {product} {ergonomic}
   size_t InitialHeapSize                          = 268435456                                 {product} {ergonomic}
   size_t MarkStackSize                            = 4194304                                   {product} {ergonomic}
   size_t MarkStackSizeMax                         = 536870912                                 {product} {ergonomic}
   size_t MaxHeapSize                              = 4294967296                                {product} {ergonomic}
   size_t MaxNewSize                               = 2575302656                                {product} {ergonomic}
   size_t MinHeapDeltaBytes                        = 2097152                                   {product} {ergonomic}
   size_t MinHeapSize                              = 8388608                                   {product} {ergonomic}
    uintx NonNMethodCodeHeapSize                   = 5836800                                {pd product} {ergonomic}
    uintx NonProfiledCodeHeapSize                  = 122912768                              {pd product} {ergonomic}
    uintx ProfiledCodeHeapSize                     = 122908672                              {pd product} {ergonomic}
    uintx ReservedCodeCacheSize                    = 251658240                              {pd product} {ergonomic}
     bool SegmentedCodeCache                       = true                                      {product} {ergonomic}
   size_t SoftMaxHeapSize                          = 4294967296                             {manageable} {ergonomic}
     bool UseCompressedOops                        = true                           {product lp64_product} {ergonomic}
     bool UseG1GC                                  = true                                      {product} {ergonomic}
     bool UseNUMA                                  = false                                     {product} {ergonomic}
     bool UseNUMAInterleaving                      = false                                     {product} {ergonomic}

Logging:
Log output configuration:
 #0: stdout all=warning uptime,level,tags foldmultilines=false
 #1: stderr all=off uptime,level,tags foldmultilines=false

Environment Variables:
PATH=/usr/local/bin:/usr/local/sbin:/usr/local/opt/openjdk/bin:/System/Cryptexes/App/usr/bin:/usr/bin:/bin:/usr/sbin:/sbin:/var/run/com.apple.security.cryptexd/codex.system/bootstrap/usr/local/bin:/var/run/com.apple.security.cryptexd/codex.system/bootstrap/usr/bin:/var/run/com.apple.security.cryptexd/codex.system/bootstrap/usr/appleinternal/bin:/Library/Frameworks/Mono.framework/Versions/Current/Commands:/Users/ducphuong/.codex/tmp/arg0/codex-arg0VUkg8y:/Users/ducphuong/.antigravity-ide/antigravity-ide/bin:/Users/ducphuong/.antigravity/antigravity/bin:/Users/ducphuong/.local/bin:/opt/anaconda3/bin:/Users/ducphuong/.vscode/extensions/openai.chatgpt-26.707.91948-darwin-x64/bin/macos-x86_64
SHELL=/bin/zsh
LANG=C.UTF-8
LC_ALL=C.UTF-8
LC_CTYPE=C.UTF-8
TERM=dumb
TMPDIR=/var/folders/kr/0q_yf83930j4h93c1mc7tskh0000gn/T/

Active Locale:
LC_ALL=C.UTF-8
LC_COLLATE=C.UTF-8
LC_CTYPE=C.UTF-8
LC_MESSAGES=C.UTF-8
LC_MONETARY=C.UTF-8
LC_NUMERIC=C.UTF-8
LC_TIME=C.UTF-8

Signal Handlers:
   SIGSEGV: crash_handler in libjvm.dylib, mask=11100110000111110111111111111111, flags=SA_ONSTACK|SA_RESTART|SA_SIGINFO, unblocked
    SIGBUS: crash_handler in libjvm.dylib, mask=11100110000111110111111111111111, flags=SA_RESTART|SA_SIGINFO, unblocked
    SIGFPE: crash_handler in libjvm.dylib, mask=11100110000111110111111111111111, flags=SA_RESTART|SA_SIGINFO, unblocked
   SIGPIPE: javaSignalHandler in libjvm.dylib, mask=11100110000111110111111111111111, flags=SA_RESTART|SA_SIGINFO, blocked
   SIGXFSZ: javaSignalHandler in libjvm.dylib, mask=11100110000111110111111111111111, flags=SA_RESTART|SA_SIGINFO, blocked
    SIGILL: crash_handler in libjvm.dylib, mask=11100110000111110111111111111111, flags=SA_RESTART|SA_SIGINFO, unblocked
   SIGUSR2: SR_handler in libjvm.dylib, mask=00000000000000000000000000000000, flags=SA_RESTART|SA_SIGINFO, blocked
    SIGHUP: UserHandler in libjvm.dylib, mask=11100110000111110111111111111111, flags=SA_RESTART|SA_SIGINFO, blocked
    SIGINT: UserHandler in libjvm.dylib, mask=11100110000111110111111111111111, flags=SA_RESTART|SA_SIGINFO, blocked
   SIGTERM: UserHandler in libjvm.dylib, mask=11100110000111110111111111111111, flags=SA_RESTART|SA_SIGINFO, blocked
   SIGQUIT: UserHandler in libjvm.dylib, mask=11100110000111110111111111111111, flags=SA_RESTART|SA_SIGINFO, blocked
   SIGTRAP: crash_handler in libjvm.dylib, mask=11100110000111110111111111111111, flags=SA_RESTART|SA_SIGINFO, unblocked


Periodic native trim disabled

---------------  S Y S T E M  ---------------

OS:
uname: Darwin 24.5.0 Darwin Kernel Version 24.5.0: Tue Apr 22 19:53:26 PDT 2025; root:xnu-11417.121.6~2/RELEASE_X86_64 x86_64
OS uptime: 1 days 13:02 hours
rlimit (soft/hard): STACK 8192k/65532k , CORE 0k/infinity , NPROC 2784/4176 , NOFILE 1048576/infinity , AS infinity/infinity , CPU infinity/infinity , DATA infinity/infinity , FSIZE infinity/infinity , MEMLOCK infinity/infinity , RSS infinity/infinity
load average: 3.28 3.53 3.57

CPU: total 8 (initial active 8) (4 cores per cpu, 2 threads per core) family 6 model 142 stepping 10 microcode 0xf6, cx8, cmov, fxsr, ht, mmx, 3dnowpref, sse, sse2, sse3, ssse3, sse4.1, sse4.2, popcnt, lzcnt, tsc, tscinvbit, avx, avx2, aes, erms, clmul, bmi1, bmi2, adx, fma, vzeroupper, clflush, clflushopt, rdtscp, f16c
machdep.cpu.brand_string:Intel(R) Core(TM) i7-8559U CPU @ 2.70GHz
hw.cpufrequency:2700000000
hw.cpufrequency_min:2700000000
hw.cpufrequency_max:2700000000
hw.cachelinesize:64
hw.l1icachesize:32768
hw.l1dcachesize:32768
hw.l2cachesize:262144
hw.l3cachesize:8388608

Memory: 4k page, physical 16777216k(65136k free), swap 4194304k(955136k free)

vm_info: OpenJDK 64-Bit Server VM (24.0.1) for bsd-amd64 JRE (24.0.1), built on 2025-03-05T07:19:53Z with clang Apple LLVM 16.0.0 (clang-1600.0.26.6)

END.
