#
# A fatal error has been detected by the Java Runtime Environment:
#
#  SIGSEGV (0xb) at pc=0x000000011442e951, pid=34687, tid=14339
#
# JRE version: OpenJDK Runtime Environment Homebrew (24.0.1) (build 24.0.1)
# Java VM: OpenJDK 64-Bit Server VM Homebrew (24.0.1, mixed mode, sharing, tiered, compressed oops, compressed class ptrs, g1 gc, bsd-amd64)
# Problematic frame:
# V  [libjvm.dylib+0x3b3951]  G1ConcurrentMark::mark_in_bitmap(unsigned int, oopDesc*)+0xe5
#
# No core dump will be written. Core dumps have been disabled. To enable core dumping, try "ulimit -c unlimited" before starting Java again
#
# If you would like to submit a bug report, please visit:
#   https://github.com/Homebrew/homebrew-core/issues
#

---------------  S U M M A R Y ------------

Command Line: --enable-native-access=ALL-UNNAMED -Dclassworlds.conf=/Users/ducphuong/.m2/wrapper/dists/apache-maven-3.9.16/56ba1f9f/bin/m2.conf -Dmaven.home=/Users/ducphuong/.m2/wrapper/dists/apache-maven-3.9.16/56ba1f9f -Dlibrary.jansi.path=/Users/ducphuong/.m2/wrapper/dists/apache-maven-3.9.16/56ba1f9f/lib/jansi-native -Dmaven.multiModuleProjectDirectory=/Users/ducphuong/Tài liệu học tập/VAIC/backend org.codehaus.plexus.classworlds.launcher.Launcher test -DforkCount=0

Host: "MacBookPro15,2" x86_64 2700 MHz, 8 cores, 16G, Darwin 24.5.0, macOS 15.5 (24F74)
Time: Sat Jul 18 11:36:29 2026 +07 elapsed time: 7.070925 seconds (0d 0h 0m 7s)

---------------  T H R E A D  ---------------

Current thread (0x00007ff4b7f14d50):  WorkerThread "G1 Conc#0"      [id=14339, stack(0x000070000f41d000,0x000070000f51d000) (1024K)]

Stack: [0x000070000f41d000,0x000070000f51d000],  sp=0x000070000f51cc50,  free space=1023k
Native frames: (J=compiled Java code, j=interpreted, Vv=VM code, C=native code)
V  [libjvm.dylib+0x3b3951]  G1ConcurrentMark::mark_in_bitmap(unsigned int, oopDesc*)+0xe5
V  [libjvm.dylib+0x373d34]  G1CMTask::make_reference_grey(oopDesc*)+0x20
V  [libjvm.dylib+0x373cf1]  void OopOopIterateDispatch<G1CMOopClosure>::Table::oop_oop_iterate<InstanceKlass, narrowOop>(G1CMOopClosure*, oopDesc*, Klass*)+0x85
V  [libjvm.dylib+0x387ba8]  void G1CMTask::process_grey_task_entry<true>(G1TaskQueueEntry)+0x110
V  [libjvm.dylib+0x38276d]  G1CMTask::drain_local_queue(bool)+0x1b1
V  [libjvm.dylib+0x382599]  G1CMBitMapClosure::do_addr(HeapWordImpl**)+0x2b
V  [libjvm.dylib+0x386b03]  G1CMBitMap::iterate(G1CMBitMapClosure*, MemRegion)+0xe7
V  [libjvm.dylib+0x3868eb]  G1CMTask::process_current_region(G1CMBitMapClosure&)+0x95
V  [libjvm.dylib+0x387113]  G1CMTask::do_marking_step(double, bool, bool)+0x167
V  [libjvm.dylib+0x3880f9]  G1CMConcurrentMarkingTask::work(unsigned int)+0xb3
V  [libjvm.dylib+0x94dda6]  WorkerTaskDispatcher::worker_run_task()+0x4c
V  [libjvm.dylib+0x94e165]  WorkerThread::run()+0x1f
V  [libjvm.dylib+0x8bb18f]  Thread::call_run()+0x71
V  [libjvm.dylib+0x6ec32e]  thread_native_entry(Thread*)+0xc3
C  [libsystem_pthread.dylib+0x5df1]  _pthread_start+0x63
C  [libsystem_pthread.dylib+0x1857]  thread_start+0xf

siginfo: si_signo: 11 (SIGSEGV), si_code: 1 (SEGV_MAPERR), si_addr: 0x000000019d6f4a73

Registers:
RAX=0x0000000114bf7a18, RBX=0x00000007004e35b0, RCX=0x14008a0122802400, RDX=0x0040000000000000
RSP=0x000070000f51cc50, RBP=0x000070000f51cc70, RSI=0x000000012d30b8d0, RDI=0x000000019d6f4a6b
R8 =0x0000000000000003, R9 =0x00007ff4b8810f48, R10=0x0000000114c27030, R11=0x0000000000000032
R12=0x0000000114c27020, R13=0x00000001341698e0, R14=0x0000000000000000, R15=0x00007ff4b802e600
RIP=0x000000011442e951, EFLAGS=0x0000000000010202, ERR=0x0000000000000004
  TRAPNO=0x000000000000000e


Register to memory mapping:

RAX=0x0000000114bf7a18: _ZN23CompressedKlassPointers5_baseE+0 in /usr/local/Cellar/openjdk/24.0.1/libexec/openjdk.jdk/Contents/Home/lib/server/libjvm.dylib at 0x000000011407b000
RBX=0x00000007004e35b0 is pointing into object: [B 
{0x00000007004e3590} - klass: {type array byte} - flags: is_cloneable_fast 

 - length: 48
 -   0: 6a j
 -   1: 61 a
 -   2: 76 v
 -   3: 61 a
 -   4: 2e .
 -   5: 75 u
 -   6: 74 t
 -   7: 69 i
 -   8: 6c l
 -   9: 2e .
 -  10: 63 c
 -  11: 6f o
 -  12: 6e n
 -  13: 63 c
 -  14: 75 u
 -  15: 72 r
 -  16: 72 r
 -  17: 65 e
 -  18: 6e n
 -  19: 74 t
 -  20: 2e .
 -  21: 46 F
 -  22: 6f o
 -  23: 72 r
 -  24: 6b k
 -  25: 4a J
 -  26: 6f o
 -  27: 69 i
 -  28: 6e n
 -  29: 50 P
 -  30: 6f o
 -  31: 6f o
 -  32: 6c l
 -  33: 24 $
 -  34: 4d M
 -  35: 61 a
 -  36: 6e n
 -  37: 61 a
 -  38: 67 g
 -  39: 65 e
 -  40: 64 d
 -  41: 42 B
 -  42: 6c l
 -  43: 6f o
 -  44: 63 c
 -  45: 6b k
 -  46: 65 e
 -  47: 72 r
RCX=0x14008a0122802400 is an unknown value
RDX=0x0040000000000000 is an unknown value
RSP=0x000070000f51cc50 points into unknown readable memory: 0x00000007004e3590 | 90 35 4e 00 07 00 00 00
RBP=0x000070000f51cc70 points into unknown readable memory: 0x000070000f51cca0 | a0 cc 51 0f 00 70 00 00
RSI=0x000000012d30b8d0 points into unknown readable memory: 0x14408a0122802440 | 40 24 80 22 01 8a 40 14
RDI=0x000000019d6f4a6b is an unknown value
R8 =0x0000000000000003 is an unknown value
R9 =0x00007ff4b8810f48 points into unknown readable memory: 0x0000000000000003 | 03 00 00 00 00 00 00 00
R10=0x0000000114c27030: _ZN12G1HeapRegion10GrainWordsE+0 in /usr/local/Cellar/openjdk/24.0.1/libexec/openjdk.jdk/Contents/Home/lib/server/libjvm.dylib at 0x000000011407b000
R11=0x0000000000000032 is an unknown value
R12=0x0000000114c27020: _ZN12G1HeapRegion17LogOfHRGrainBytesE+0 in /usr/local/Cellar/openjdk/24.0.1/libexec/openjdk.jdk/Contents/Home/lib/server/libjvm.dylib at 0x000000011407b000
R13={method} {0x00000001341698e0} 'equals' '(Ljava/lang/Object;)Z' in 'java/lang/String'
R14=0x0 is null
R15=0x00007ff4b802e600 points into unknown readable memory: 0x00007ff4b7f13fb0 | b0 3f f1 b7 f4 7f 00 00

Top of Stack: (sp=0x000070000f51cc50)
0x000070000f51cc50:   00000007004e3590 00000001341698d8   .5N........4....
0x000070000f51cc60:   00000007004e35b0 00007ff4b8913a40   .5N.....@:......
0x000070000f51cc70:   000070000f51cca0 00000001143eed34   ..Q..p..4.>.....
0x000070000f51cc80:   0000000114c1ec68 00000007004e3590   h........5N.....
0x000070000f51cc90:   000070000f51ce18 00000007004e358c   ..Q..p...5N.....
0x000070000f51cca0:   000070000f51cce0 00000001143eecf1   ..Q..p....>.....
0x000070000f51ccb0:   00000007004e3578 00007ff4b8913a40   x5N.....@:......
0x000070000f51ccc0:   0000000134169630 0000000000000003   0..4............
0x000070000f51ccd0:   00000007004e3578 000070000f51ce18   x5N.......Q..p..
0x000070000f51cce0:   000070000f51cd20 0000000114402ba8    .Q..p...+@.....
0x000070000f51ccf0:   00007ff4ba400000 00007ff4b8913a40   ..@.....@:......
0x000070000f51cd00:   0000000100000000 000000000001ffff   ................
0x000070000f51cd10:   0000000000000040 ffffffff00000000   @...............
0x000070000f51cd20:   000070000f51cd60 00000001143fd76d   `.Q..p..m.?.....
0x000070000f51cd30:   000000000000a99a 000070000f51ce40   ........@.Q..p..
0x000070000f51cd40:   000070000f51ce00 0000000000c8dbde   ..Q..p..........
0x000070000f51cd50:   0000000000cc0000 000000070646def0   ..........F.....
0x000070000f51cd60:   000070000f51cd80 00000001143fd599   ..Q..p....?.....
0x000070000f51cd70:   0000000000000000 00007ff4b802e610   ................
0x000070000f51cd80:   000070000f51cdd0 0000000114401b03   ..Q..p....@.....
0x000070000f51cd90:   000070000f51cda0 000070000f51ce40   ..Q..p..@.Q..p..
0x000070000f51cda0:   0000000000033000 00007ff4b8913a40   .0......@:......
0x000070000f51cdb0:   000070000f51ce40 00007ff4b8913b70   @.Q..p..p;......
0x000070000f51cdc0:   00007ff4b8913a40 00007ff4b8913ac8   @:.......:......
0x000070000f51cdd0:   000070000f51ce00 00000001144018eb   ..Q..p....@.....
0x000070000f51cde0:   00000000b8913a01 0000000000000001   .:..............
0x000070000f51cdf0:   00007ff4b8913a40 0000000000000001   @:..............
0x000070000f51ce00:   000070000f51cea0 0000000114402113   ..Q..p...!@.....
0x000070000f51ce10:   0000000708c0250c 0000000114bca4d8   .%..............
0x000070000f51ce20:   00007ff4b8817650 0000000700000003   Pv..............
0x000070000f51ce30:   00007ff4b801a000 00007ff4b8913a40   ........@:......
0x000070000f51ce40:   00007ff4b802e600 00007ff4b8913a40   ........@:......

Instructions: (pc=0x000000011442e951)
  0x000000011442e851:   85 c0 74 12 48 8d 05 0c 04 7f 00 48 03 30 74 06
  0x000000011442e861:   5d e9 ad 04 fc ff 5d c3 90 00 00 55 48 89 e5 41
  0x000000011442e871:   57 41 56 41 54 53 48 89 d3 48 8b 47 08 48 8b 90
  0x000000011442e881:   08 02 00 00 8a 88 10 02 00 00 48 d3 e2 48 89 d8
  0x000000011442e891:   48 29 d0 4c 8d 25 85 87 7f 00 41 8a 0c 24 48 d3
  0x000000011442e8a1:   e8 48 8b 8f 50 06 00 00 89 c0 48 8b 04 c1 48 39
  0x000000011442e8b1:   d8 76 77 41 89 f6 49 89 ff 48 83 c7 10 49 8b 47
  0x000000011442e8c1:   10 48 89 de ff 10 48 89 d8 49 2b 47 18 48 c1 e8
  0x000000011442e8d1:   03 41 8a 4f 28 48 d3 e8 49 8b 77 30 48 89 c7 ba
  0x000000011442e8e1:   01 00 00 00 89 c1 48 d3 e2 48 c1 ef 06 48 8d 34
  0x000000011442e8f1:   fe 48 8b 0e 48 89 cf 48 09 d7 48 39 cf 74 2b 48
  0x000000011442e901:   89 c8 f0 48 0f b1 3e 48 39 c8 48 89 c1 75 e5 48
  0x000000011442e911:   8d 05 99 a2 7d 00 8b 00 83 f8 01 74 14 85 c0 75
  0x000000011442e921:   2b 48 8b 3b 48 c1 ef 2a eb 0a 31 c0 e9 b5 00 00
  0x000000011442e931:   00 8b 7b 08 48 8d 05 e4 90 7c 00 8a 08 48 d3 e7
  0x000000011442e941:   48 8d 05 d0 90 7c 00 48 03 38 eb 04 48 8b 7b 08
=>0x000000011442e951:   8b 57 08 85 d2 7e 0a f6 c2 01 75 09 c1 ea 03 eb
  0x000000011442e961:   4c 85 d2 78 11 48 8b 07 48 89 de ff 90 f8 00 00
  0x000000011442e971:   00 48 89 c2 eb 37 48 8d 05 0e c5 80 00 48 63 00
  0x000000011442e981:   48 63 04 03 89 d1 48 d3 e0 c1 ea 10 0f b6 ca 48
  0x000000011442e991:   01 c1 48 8d 05 ee b1 7c 00 48 63 00 48 8d 4c 08
  0x000000011442e9a1:   ff f7 d8 48 63 d0 48 21 ca 48 c1 ea 03 49 8b 87
  0x000000011442e9b1:   50 03 00 00 44 89 f1 48 8b 3c c8 48 8b 47 18 48
  0x000000011442e9c1:   8b b0 08 02 00 00 8a 88 10 02 00 00 48 d3 e6 48
  0x000000011442e9d1:   83 c7 38 48 29 f3 41 8a 0c 24 48 d3 eb 89 de e8
  0x000000011442e9e1:   0b 00 00 00 b0 01 5b 41 5c 41 5e 41 5f 5d c3 55
  0x000000011442e9f1:   48 89 e5 8b 47 28 21 f0 48 8b 4f 08 48 c1 e0 04
  0x000000011442ea01:   44 8b 04 01 41 39 f0 75 06 48 83 c7 18 eb 2b 4c
  0x000000011442ea11:   8d 0c 01 4c 8d 54 01 08 4d 8b 1a 4d 85 db 74 0c
  0x000000011442ea21:   49 c1 e0 03 4c 03 07 f0 4d 0f c1 18 49 c7 02 00
  0x000000011442ea31:   00 00 00 41 89 31 48 83 c7 20 48 ff 07 48 01 54
  0x000000011442ea41:   01 08 5d c3 90 00 00 55 48 89 e5 48 89 f8 48 89


Stack slot to memory mapping:

stack at sp + 0 slots: 0x00000007004e3590 is an oop: [B 
{0x00000007004e3590} - klass: {type array byte} - flags: is_cloneable_fast 

 - length: 48
 -   0: 6a j
 -   1: 61 a
 -   2: 76 v
 -   3: 61 a
 -   4: 2e .
 -   5: 75 u
 -   6: 74 t
 -   7: 69 i
 -   8: 6c l
 -   9: 2e .
 -  10: 63 c
 -  11: 6f o
 -  12: 6e n
 -  13: 63 c
 -  14: 75 u
 -  15: 72 r
 -  16: 72 r
 -  17: 65 e
 -  18: 6e n
 -  19: 74 t
 -  20: 2e .
 -  21: 46 F
 -  22: 6f o
 -  23: 72 r
 -  24: 6b k
 -  25: 4a J
 -  26: 6f o
 -  27: 69 i
 -  28: 6e n
 -  29: 50 P
 -  30: 6f o
 -  31: 6f o
 -  32: 6c l
 -  33: 24 $
 -  34: 4d M
 -  35: 61 a
 -  36: 6e n
 -  37: 61 a
 -  38: 67 g
 -  39: 65 e
 -  40: 64 d
 -  41: 42 B
 -  42: 6c l
 -  43: 6f o
 -  44: 63 c
 -  45: 6b k
 -  46: 65 e
 -  47: 72 r
stack at sp + 1 slots: 0x00000001341698d8 is pointing into metadata
stack at sp + 2 slots: 0x00000007004e35b0 is pointing into object: [B 
{0x00000007004e3590} - klass: {type array byte} - flags: is_cloneable_fast 

 - length: 48
 -   0: 6a j
 -   1: 61 a
 -   2: 76 v
 -   3: 61 a
 -   4: 2e .
 -   5: 75 u
 -   6: 74 t
 -   7: 69 i
 -   8: 6c l
 -   9: 2e .
 -  10: 63 c
 -  11: 6f o
 -  12: 6e n
 -  13: 63 c
 -  14: 75 u
 -  15: 72 r
 -  16: 72 r
 -  17: 65 e
 -  18: 6e n
 -  19: 74 t
 -  20: 2e .
 -  21: 46 F
 -  22: 6f o
 -  23: 72 r
 -  24: 6b k
 -  25: 4a J
 -  26: 6f o
 -  27: 69 i
 -  28: 6e n
 -  29: 50 P
 -  30: 6f o
 -  31: 6f o
 -  32: 6c l
 -  33: 24 $
 -  34: 4d M
 -  35: 61 a
 -  36: 6e n
 -  37: 61 a
 -  38: 67 g
 -  39: 65 e
 -  40: 64 d
 -  41: 42 B
 -  42: 6c l
 -  43: 6f o
 -  44: 63 c
 -  45: 6b k
 -  46: 65 e
 -  47: 72 r
stack at sp + 3 slots: 0x00007ff4b8913a40 points into unknown readable memory: 0x0000000114bca528 | 28 a5 bc 14 01 00 00 00
stack at sp + 4 slots: 0x000070000f51cca0 points into unknown readable memory: 0x000070000f51cce0 | e0 cc 51 0f 00 70 00 00
stack at sp + 5 slots: 0x00000001143eed34: _ZN8G1CMTask19make_reference_greyEP7oopDesc+0x20 in /usr/local/Cellar/openjdk/24.0.1/libexec/openjdk.jdk/Contents/Home/lib/server/libjvm.dylib at 0x000000011407b000
stack at sp + 6 slots: 0x0000000114c1ec68: _ZN14CompressedOops5_baseE+0 in /usr/local/Cellar/openjdk/24.0.1/libexec/openjdk.jdk/Contents/Home/lib/server/libjvm.dylib at 0x000000011407b000
stack at sp + 7 slots: 0x00000007004e3590 is an oop: [B 
{0x00000007004e3590} - klass: {type array byte} - flags: is_cloneable_fast 

 - length: 48
 -   0: 6a j
 -   1: 61 a
 -   2: 76 v
 -   3: 61 a
 -   4: 2e .
 -   5: 75 u
 -   6: 74 t
 -   7: 69 i
 -   8: 6c l
 -   9: 2e .
 -  10: 63 c
 -  11: 6f o
 -  12: 6e n
 -  13: 63 c
 -  14: 75 u
 -  15: 72 r
 -  16: 72 r
 -  17: 65 e
 -  18: 6e n
 -  19: 74 t
 -  20: 2e .
 -  21: 46 F
 -  22: 6f o
 -  23: 72 r
 -  24: 6b k
 -  25: 4a J
 -  26: 6f o
 -  27: 69 i
 -  28: 6e n
 -  29: 50 P
 -  30: 6f o
 -  31: 6f o
 -  32: 6c l
 -  33: 24 $
 -  34: 4d M
 -  35: 61 a
 -  36: 6e n
 -  37: 61 a
 -  38: 67 g
 -  39: 65 e
 -  40: 64 d
 -  41: 42 B
 -  42: 6c l
 -  43: 6f o
 -  44: 63 c
 -  45: 6b k
 -  46: 65 e
 -  47: 72 r


---------------  P R O C E S S  ---------------

Threads class SMR info:
_java_thread_list=0x00007ff4bf96ca00, length=16, elements={
0x00007ff4b9809c00, 0x00007ff4b9820c00, 0x00007ff4b8009000, 0x00007ff4b9015600,
0x00007ff4b9016a00, 0x00007ff4bc00a400, 0x00007ff4bb00e600, 0x00007ff4b9823600,
0x00007ff4b9060000, 0x00007ff4b80b3c00, 0x00007ff4b99b6c00, 0x00007ff4b9298400,
0x00007ff4bb413200, 0x00007ff4b8523c00, 0x00007ff4beb05800, 0x00007ff4b962e200
}

Java Threads: ( => current thread )
  0x00007ff4b9809c00 JavaThread "main"                              [_thread_blocked, id=4867, stack(0x000070000f114000,0x000070000f214000) (1024K)]
  0x00007ff4b9820c00 JavaThread "Reference Handler"          daemon [_thread_blocked, id=29699, stack(0x000070000fa32000,0x000070000fb32000) (1024K)]
  0x00007ff4b8009000 JavaThread "Finalizer"                  daemon [_thread_blocked, id=29443, stack(0x000070000fb35000,0x000070000fc35000) (1024K)]
  0x00007ff4b9015600 JavaThread "Signal Dispatcher"          daemon [_thread_blocked, id=25347, stack(0x000070000fc38000,0x000070000fd38000) (1024K)]
  0x00007ff4b9016a00 JavaThread "Service Thread"             daemon [_thread_blocked, id=29187, stack(0x000070000fd3b000,0x000070000fe3b000) (1024K)]
  0x00007ff4bc00a400 JavaThread "Monitor Deflation Thread"   daemon [_thread_blocked, id=28675, stack(0x000070000fe3e000,0x000070000ff3e000) (1024K)]
  0x00007ff4bb00e600 JavaThread "C2 CompilerThread0"         daemon [_thread_in_native, id=25859, stack(0x000070000ff41000,0x0000700010041000) (1024K)]
  0x00007ff4b9823600 JavaThread "C1 CompilerThread0"         daemon [_thread_blocked, id=26371, stack(0x0000700010044000,0x0000700010144000) (1024K)]
  0x00007ff4b9060000 JavaThread "Notification Thread"        daemon [_thread_blocked, id=27907, stack(0x0000700010147000,0x0000700010247000) (1024K)]
  0x00007ff4b80b3c00 JavaThread "Common-Cleaner"             daemon [_thread_blocked, id=27651, stack(0x000070001024a000,0x000070001034a000) (1024K)]
  0x00007ff4b99b6c00 JavaThread "C2 CompilerThread1"         daemon [_thread_in_native, id=27399, stack(0x000070001034d000,0x000070001044d000) (1024K)]
  0x00007ff4b9298400 JavaThread "C2 CompilerThread2"         daemon [_thread_in_native, id=32775, stack(0x0000700010450000,0x0000700010550000) (1024K)]
  0x00007ff4bb413200 JavaThread "Thread-1"                   daemon [_thread_blocked, id=42499, stack(0x0000700010a62000,0x0000700010b62000) (1024K)]
  0x00007ff4b8523c00 JavaThread "mysql-cj-abandoned-connection-cleanup" daemon [_thread_blocked, id=24071, stack(0x0000700010e6e000,0x0000700010f6e000) (1024K)]
  0x00007ff4beb05800 JavaThread "HikariPool-1 housekeeper"   daemon [_thread_blocked, id=41479, stack(0x0000700010f71000,0x0000700011071000) (1024K)]
  0x00007ff4b962e200 JavaThread "HikariPool-1 connection adder" daemon [_thread_blocked, id=41223, stack(0x0000700011074000,0x0000700011174000) (1024K)]
Total: 16

Other Threads:
  0x00007ff4b8819bd0 VMThread "VM Thread"                           [id=19971, stack(0x000070000f829000,0x000070000f929000) (1024K)]
  0x00007ff4b8b06640 WatcherThread "VM Periodic Task Thread"        [id=20487, stack(0x000070000f726000,0x000070000f826000) (1024K)]
  0x00007ff4b7f13170 WorkerThread "GC Thread#0"                     [id=15107, stack(0x000070000f217000,0x000070000f317000) (1024K)]
  0x00007ff4b88a4130 WorkerThread "GC Thread#1"                     [id=33283, stack(0x0000700010553000,0x0000700010653000) (1024K)]
  0x00007ff4b88a48a0 WorkerThread "GC Thread#2"                     [id=43267, stack(0x0000700010656000,0x0000700010756000) (1024K)]
  0x00007ff4b8bddab0 WorkerThread "GC Thread#3"                     [id=34051, stack(0x0000700010759000,0x0000700010859000) (1024K)]
  0x00007ff4b8bde4b0 WorkerThread "GC Thread#4"                     [id=42755, stack(0x000070001085c000,0x000070001095c000) (1024K)]
  0x00007ff4b88a52a0 WorkerThread "GC Thread#5"                     [id=34563, stack(0x000070001095f000,0x0000700010a5f000) (1024K)]
  0x00007ff4be294650 WorkerThread "GC Thread#6"                     [id=35075, stack(0x0000700010b65000,0x0000700010c65000) (1024K)]
  0x00007ff4be294fa0 WorkerThread "GC Thread#7"                     [id=35587, stack(0x0000700010c68000,0x0000700010d68000) (1024K)]
  0x00007ff4b7f13fb0 ConcurrentGCThread "G1 Main Marker"            [id=13827, stack(0x000070000f31a000,0x000070000f41a000) (1024K)]
=>0x00007ff4b7f14d50 WorkerThread "G1 Conc#0"                       [id=14339, stack(0x000070000f41d000,0x000070000f51d000) (1024K)]
  0x00007ff4bcb8dd70 WorkerThread "G1 Conc#1"                       [id=36103, stack(0x0000700010d6b000,0x0000700010e6b000) (1024K)]
  0x00007ff4b806ae00 ConcurrentGCThread "G1 Refine#0"               [id=16643, stack(0x000070000f520000,0x000070000f620000) (1024K)]
  0x00007ff4b7f27520 ConcurrentGCThread "G1 Service"                [id=16899, stack(0x000070000f623000,0x000070000f723000) (1024K)]
Total: 15

Threads with active compile tasks:
C2 CompilerThread0  7088 9570       4       org.springframework.beans.factory.support.AbstractBeanFactory::isTypeMatch (745 bytes)
C2 CompilerThread1  7088 9585       4       org.springframework.core.ResolvableType::as (86 bytes)
C2 CompilerThread2  7088 9610       4       org.springframework.core.ResolvableType::getInterfaces (68 bytes)
Total: 3

VM state: not at safepoint (normal execution)

VM Mutex/Monitor currently owned by a thread:  ([mutex/lock_event])
[0x0000000114c82cd0] Heap_lock - owner thread: 0x00007ff4b9809c00

Heap address: 0x0000000700000000, size: 4096 MB, Compressed Oops mode: Zero based, Oop shift amount: 3

CDS archive(s) mapped at: [0x0000000134000000-0x0000000134d18000-0x0000000134d18000), size 13729792, SharedBaseAddress: 0x0000000134000000, ArchiveRelocationMode: 1.
Compressed class space mapped at: 0x0000000135000000-0x0000000175000000, reserved size: 1073741824
UseCompressedClassPointers 1, UseCompactObjectHeaders 0
Narrow klass pointer bits 32, Max shift 3
Narrow klass base: 0x0000000134000000, Narrow klass shift: 0
Encoding Range: [0x0000000134000000 - 0x0000000234000000), (4294967296 bytes)
Klass Range:    [0x0000000134000000 - 0x0000000175000000), (1090519040 bytes)
Klass ID Range:  [8 - 1090519033) (1090519025)

GC Precious Log:
 CardTable entry size: 512
 Card Set container configuration: InlinePtr #cards 4 size 8 Array Of Cards #cards 16 size 48 Howl #buckets 8 coarsen threshold 3686 Howl Bitmap #cards 512 size 80 coarsen threshold 460 Card regions per heap region 1 cards per card region 4096
 CPUs: 8 total, 8 available
 Memory: 16384M
 Large Page Support: Disabled
 NUMA Support: Disabled
 Compressed Oops: Enabled (Zero based)
 Heap Region Size: 2M
 Heap Min Capacity: 8M
 Heap Initial Capacity: 256M
 Heap Max Capacity: 4G
 Pre-touch: Disabled
 Parallel Workers: 8
 Concurrent Workers: 2
 Concurrent Refinement Workers: 8
 Periodic GC: Disabled

Heap:
 garbage-first heap   total reserved 4194304K, committed 264192K, used 48497K [0x0000000700000000, 0x0000000800000000)
  region size 2048K, 6 young (12288K), 5 survivors (10240K)
 Metaspace       used 61744K, committed 62336K, reserved 1114112K
  class space    used 6432K, committed 6720K, reserved 1048576K

Heap Regions: E=young(eden), S=young(survivor), O=old, HS=humongous(starts), HC=humongous(continues), CS=collection set, F=free, TAMS=top-at-mark-start, PB=parsable bottom
|   0|0x0000000700000000, 0x0000000700200000, 0x0000000700200000|100%| O|  |TAMS 0x0000000700200000| PB 0x0000000700000000| Untracked |  0
|   1|0x0000000700200000, 0x0000000700400000, 0x0000000700400000|100%| O|  |TAMS 0x0000000700400000| PB 0x0000000700200000| Untracked |  0
|   2|0x0000000700400000, 0x0000000700600000, 0x0000000700600000|100%| O|  |TAMS 0x0000000700600000| PB 0x0000000700400000| Untracked |  0
|   3|0x0000000700600000, 0x0000000700800000, 0x0000000700800000|100%| O|  |TAMS 0x0000000700800000| PB 0x0000000700600000| Untracked |  0
|   4|0x0000000700800000, 0x0000000700a00000, 0x0000000700a00000|100%| O|  |TAMS 0x0000000700a00000| PB 0x0000000700800000| Untracked |  0
|   5|0x0000000700a00000, 0x0000000700b1d500, 0x0000000700c00000| 55%| O|  |TAMS 0x0000000700b1d500| PB 0x0000000700a00000| Untracked |  0
|   6|0x0000000700c00000, 0x0000000700c00000, 0x0000000700e00000|  0%| F|  |TAMS 0x0000000700c00000| PB 0x0000000700c00000| Untracked |  0
|   7|0x0000000700e00000, 0x0000000700e00000, 0x0000000701000000|  0%| F|  |TAMS 0x0000000700e00000| PB 0x0000000700e00000| Untracked |  0
|   8|0x0000000701000000, 0x0000000701000000, 0x0000000701200000|  0%| F|  |TAMS 0x0000000701000000| PB 0x0000000701000000| Untracked |  0
|   9|0x0000000701200000, 0x0000000701200000, 0x0000000701400000|  0%| F|  |TAMS 0x0000000701200000| PB 0x0000000701200000| Untracked |  0
|  10|0x0000000701400000, 0x0000000701400000, 0x0000000701600000|  0%| F|  |TAMS 0x0000000701400000| PB 0x0000000701400000| Untracked |  0
|  11|0x0000000701600000, 0x0000000701600000, 0x0000000701800000|  0%| F|  |TAMS 0x0000000701600000| PB 0x0000000701600000| Untracked |  0
|  12|0x0000000701800000, 0x0000000701800000, 0x0000000701a00000|  0%| F|  |TAMS 0x0000000701800000| PB 0x0000000701800000| Untracked |  0
|  13|0x0000000701a00000, 0x0000000701a00000, 0x0000000701c00000|  0%| F|  |TAMS 0x0000000701a00000| PB 0x0000000701a00000| Untracked |  0
|  14|0x0000000701c00000, 0x0000000701c00000, 0x0000000701e00000|  0%| F|  |TAMS 0x0000000701c00000| PB 0x0000000701c00000| Untracked |  0
|  15|0x0000000701e00000, 0x0000000701e00000, 0x0000000702000000|  0%| F|  |TAMS 0x0000000701e00000| PB 0x0000000701e00000| Untracked |  0
|  16|0x0000000702000000, 0x0000000702000000, 0x0000000702200000|  0%| F|  |TAMS 0x0000000702000000| PB 0x0000000702000000| Untracked |  0
|  17|0x0000000702200000, 0x0000000702200000, 0x0000000702400000|  0%| F|  |TAMS 0x0000000702200000| PB 0x0000000702200000| Untracked |  0
|  18|0x0000000702400000, 0x0000000702400000, 0x0000000702600000|  0%| F|  |TAMS 0x0000000702400000| PB 0x0000000702400000| Untracked |  0
|  19|0x0000000702600000, 0x0000000702600000, 0x0000000702800000|  0%| F|  |TAMS 0x0000000702600000| PB 0x0000000702600000| Untracked |  0
|  20|0x0000000702800000, 0x0000000702800000, 0x0000000702a00000|  0%| F|  |TAMS 0x0000000702800000| PB 0x0000000702800000| Untracked |  0
|  21|0x0000000702a00000, 0x0000000702a00000, 0x0000000702c00000|  0%| F|  |TAMS 0x0000000702a00000| PB 0x0000000702a00000| Untracked |  0
|  22|0x0000000702c00000, 0x0000000702c00000, 0x0000000702e00000|  0%| F|  |TAMS 0x0000000702c00000| PB 0x0000000702c00000| Untracked |  0
|  23|0x0000000702e00000, 0x0000000702e00000, 0x0000000703000000|  0%| F|  |TAMS 0x0000000702e00000| PB 0x0000000702e00000| Untracked |  0
|  24|0x0000000703000000, 0x0000000703000000, 0x0000000703200000|  0%| F|  |TAMS 0x0000000703000000| PB 0x0000000703000000| Untracked |  0
|  25|0x0000000703200000, 0x0000000703200000, 0x0000000703400000|  0%| F|  |TAMS 0x0000000703200000| PB 0x0000000703200000| Untracked |  0
|  26|0x0000000703400000, 0x0000000703400000, 0x0000000703600000|  0%| F|  |TAMS 0x0000000703400000| PB 0x0000000703400000| Untracked |  0
|  27|0x0000000703600000, 0x0000000703600000, 0x0000000703800000|  0%| F|  |TAMS 0x0000000703600000| PB 0x0000000703600000| Untracked |  0
|  28|0x0000000703800000, 0x0000000703800000, 0x0000000703a00000|  0%| F|  |TAMS 0x0000000703800000| PB 0x0000000703800000| Untracked |  0
|  29|0x0000000703a00000, 0x0000000703a00000, 0x0000000703c00000|  0%| F|  |TAMS 0x0000000703a00000| PB 0x0000000703a00000| Untracked |  0
|  30|0x0000000703c00000, 0x0000000703c00000, 0x0000000703e00000|  0%| F|  |TAMS 0x0000000703c00000| PB 0x0000000703c00000| Untracked |  0
|  31|0x0000000703e00000, 0x0000000703e00000, 0x0000000704000000|  0%| F|  |TAMS 0x0000000703e00000| PB 0x0000000703e00000| Untracked |  0
|  32|0x0000000704000000, 0x0000000704000000, 0x0000000704200000|  0%| F|  |TAMS 0x0000000704000000| PB 0x0000000704000000| Untracked |  0
|  33|0x0000000704200000, 0x0000000704200000, 0x0000000704400000|  0%| F|  |TAMS 0x0000000704200000| PB 0x0000000704200000| Untracked |  0
|  34|0x0000000704400000, 0x0000000704400000, 0x0000000704600000|  0%| F|  |TAMS 0x0000000704400000| PB 0x0000000704400000| Untracked |  0
|  35|0x0000000704600000, 0x0000000704600000, 0x0000000704800000|  0%| F|  |TAMS 0x0000000704600000| PB 0x0000000704600000| Untracked |  0
|  36|0x0000000704800000, 0x0000000704800000, 0x0000000704a00000|  0%| F|  |TAMS 0x0000000704800000| PB 0x0000000704800000| Untracked |  0
|  37|0x0000000704a00000, 0x0000000704a00000, 0x0000000704c00000|  0%| F|  |TAMS 0x0000000704a00000| PB 0x0000000704a00000| Untracked |  0
|  38|0x0000000704c00000, 0x0000000704c00000, 0x0000000704e00000|  0%| F|  |TAMS 0x0000000704c00000| PB 0x0000000704c00000| Untracked |  0
|  39|0x0000000704e00000, 0x0000000704e00000, 0x0000000705000000|  0%| F|  |TAMS 0x0000000704e00000| PB 0x0000000704e00000| Untracked |  0
|  40|0x0000000705000000, 0x0000000705000000, 0x0000000705200000|  0%| F|  |TAMS 0x0000000705000000| PB 0x0000000705000000| Untracked |  0
|  41|0x0000000705200000, 0x0000000705200000, 0x0000000705400000|  0%| F|  |TAMS 0x0000000705200000| PB 0x0000000705200000| Untracked |  0
|  42|0x0000000705400000, 0x0000000705400000, 0x0000000705600000|  0%| F|  |TAMS 0x0000000705400000| PB 0x0000000705400000| Untracked |  0
|  43|0x0000000705600000, 0x0000000705600000, 0x0000000705800000|  0%| F|  |TAMS 0x0000000705600000| PB 0x0000000705600000| Untracked |  0
|  44|0x0000000705800000, 0x0000000705800000, 0x0000000705a00000|  0%| F|  |TAMS 0x0000000705800000| PB 0x0000000705800000| Untracked |  0
|  45|0x0000000705a00000, 0x0000000705a00000, 0x0000000705c00000|  0%| F|  |TAMS 0x0000000705a00000| PB 0x0000000705a00000| Untracked |  0
|  46|0x0000000705c00000, 0x0000000705c00000, 0x0000000705e00000|  0%| F|  |TAMS 0x0000000705c00000| PB 0x0000000705c00000| Untracked |  0
|  47|0x0000000705e00000, 0x0000000705e00000, 0x0000000706000000|  0%| F|  |TAMS 0x0000000705e00000| PB 0x0000000705e00000| Untracked |  0
|  48|0x0000000706000000, 0x0000000706200000, 0x0000000706200000|100%|HS|  |TAMS 0x0000000706200000| PB 0x0000000706000000| Complete |  0
|  49|0x0000000706200000, 0x0000000706400000, 0x0000000706400000|100%| O|  |TAMS 0x0000000706400000| PB 0x0000000706200000| Untracked |  0
|  50|0x0000000706400000, 0x0000000706600000, 0x0000000706600000|100%| O|  |TAMS 0x0000000706600000| PB 0x0000000706400000| Untracked |  0
|  51|0x0000000706600000, 0x0000000706800000, 0x0000000706800000|100%| O|  |TAMS 0x0000000706800000| PB 0x0000000706600000| Untracked |  0
|  52|0x0000000706800000, 0x0000000706a00000, 0x0000000706a00000|100%| O|  |TAMS 0x0000000706a00000| PB 0x0000000706800000| Untracked |  0
|  53|0x0000000706a00000, 0x0000000706c00000, 0x0000000706c00000|100%| O|  |TAMS 0x0000000706c00000| PB 0x0000000706a00000| Untracked |  0
|  54|0x0000000706c00000, 0x0000000706e00000, 0x0000000706e00000|100%| O|  |TAMS 0x0000000706e00000| PB 0x0000000706c00000| Untracked |  0
|  55|0x0000000706e00000, 0x0000000706e00000, 0x0000000707000000|  0%| F|  |TAMS 0x0000000706e00000| PB 0x0000000706e00000| Untracked |  0
|  56|0x0000000707000000, 0x0000000707000000, 0x0000000707200000|  0%| F|  |TAMS 0x0000000707000000| PB 0x0000000707000000| Untracked |  0
|  57|0x0000000707200000, 0x0000000707200000, 0x0000000707400000|  0%| F|  |TAMS 0x0000000707200000| PB 0x0000000707200000| Untracked |  0
|  58|0x0000000707400000, 0x0000000707400000, 0x0000000707600000|  0%| F|  |TAMS 0x0000000707400000| PB 0x0000000707400000| Untracked |  0
|  59|0x0000000707600000, 0x0000000707600000, 0x0000000707800000|  0%| F|  |TAMS 0x0000000707600000| PB 0x0000000707600000| Untracked |  0
|  60|0x0000000707800000, 0x0000000707800000, 0x0000000707a00000|  0%| F|  |TAMS 0x0000000707800000| PB 0x0000000707800000| Untracked |  0
|  61|0x0000000707a00000, 0x0000000707a00000, 0x0000000707c00000|  0%| F|  |TAMS 0x0000000707a00000| PB 0x0000000707a00000| Untracked |  0
|  62|0x0000000707c00000, 0x0000000707c00000, 0x0000000707e00000|  0%| F|  |TAMS 0x0000000707c00000| PB 0x0000000707c00000| Untracked |  0
|  63|0x0000000707e00000, 0x0000000707e00000, 0x0000000708000000|  0%| F|  |TAMS 0x0000000707e00000| PB 0x0000000707e00000| Untracked |  0
|  64|0x0000000708000000, 0x0000000708000000, 0x0000000708200000|  0%| F|  |TAMS 0x0000000708000000| PB 0x0000000708000000| Untracked |  0
|  65|0x0000000708200000, 0x0000000708200000, 0x0000000708400000|  0%| F|  |TAMS 0x0000000708200000| PB 0x0000000708200000| Untracked |  0
|  66|0x0000000708400000, 0x0000000708400000, 0x0000000708600000|  0%| F|  |TAMS 0x0000000708400000| PB 0x0000000708400000| Untracked |  0
|  67|0x0000000708600000, 0x0000000708600000, 0x0000000708800000|  0%| F|  |TAMS 0x0000000708600000| PB 0x0000000708600000| Untracked |  0
|  68|0x0000000708800000, 0x0000000708800000, 0x0000000708a00000|  0%| F|  |TAMS 0x0000000708800000| PB 0x0000000708800000| Untracked |  0
|  69|0x0000000708a00000, 0x0000000708a00000, 0x0000000708c00000|  0%| F|  |TAMS 0x0000000708a00000| PB 0x0000000708a00000| Untracked |  0
|  70|0x0000000708c00000, 0x0000000708c3f0f0, 0x0000000708e00000| 12%| S|CS|TAMS 0x0000000708c00000| PB 0x0000000708c00000| Complete |  0
|  71|0x0000000708e00000, 0x0000000709000000, 0x0000000709000000|100%| S|CS|TAMS 0x0000000708e00000| PB 0x0000000708e00000| Complete |  0
|  72|0x0000000709000000, 0x0000000709200000, 0x0000000709200000|100%| S|CS|TAMS 0x0000000709000000| PB 0x0000000709000000| Complete |  0
|  73|0x0000000709200000, 0x0000000709400000, 0x0000000709400000|100%| S|CS|TAMS 0x0000000709200000| PB 0x0000000709200000| Complete |  0
|  74|0x0000000709400000, 0x0000000709600000, 0x0000000709600000|100%| S|CS|TAMS 0x0000000709400000| PB 0x0000000709400000| Complete |  0
|  75|0x0000000709600000, 0x0000000709600000, 0x0000000709800000|  0%| F|  |TAMS 0x0000000709600000| PB 0x0000000709600000| Untracked |  0
|  76|0x0000000709800000, 0x0000000709800000, 0x0000000709a00000|  0%| F|  |TAMS 0x0000000709800000| PB 0x0000000709800000| Untracked |  0
|  77|0x0000000709a00000, 0x0000000709a00000, 0x0000000709c00000|  0%| F|  |TAMS 0x0000000709a00000| PB 0x0000000709a00000| Untracked |  0
|  78|0x0000000709c00000, 0x0000000709c00000, 0x0000000709e00000|  0%| F|  |TAMS 0x0000000709c00000| PB 0x0000000709c00000| Untracked |  0
|  79|0x0000000709e00000, 0x0000000709e00000, 0x000000070a000000|  0%| F|  |TAMS 0x0000000709e00000| PB 0x0000000709e00000| Untracked |  0
|  80|0x000000070a000000, 0x000000070a000000, 0x000000070a200000|  0%| F|  |TAMS 0x000000070a000000| PB 0x000000070a000000| Untracked |  0
|  81|0x000000070a200000, 0x000000070a200000, 0x000000070a400000|  0%| F|  |TAMS 0x000000070a200000| PB 0x000000070a200000| Untracked |  0
|  82|0x000000070a400000, 0x000000070a400000, 0x000000070a600000|  0%| F|  |TAMS 0x000000070a400000| PB 0x000000070a400000| Untracked |  0
|  83|0x000000070a600000, 0x000000070a600000, 0x000000070a800000|  0%| F|  |TAMS 0x000000070a600000| PB 0x000000070a600000| Untracked |  0
|  84|0x000000070a800000, 0x000000070a800000, 0x000000070aa00000|  0%| F|  |TAMS 0x000000070a800000| PB 0x000000070a800000| Untracked |  0
|  85|0x000000070aa00000, 0x000000070aa00000, 0x000000070ac00000|  0%| F|  |TAMS 0x000000070aa00000| PB 0x000000070aa00000| Untracked |  0
|  86|0x000000070ac00000, 0x000000070ac00000, 0x000000070ae00000|  0%| F|  |TAMS 0x000000070ac00000| PB 0x000000070ac00000| Untracked |  0
|  87|0x000000070ae00000, 0x000000070ae00000, 0x000000070b000000|  0%| F|  |TAMS 0x000000070ae00000| PB 0x000000070ae00000| Untracked |  0
|  88|0x000000070b000000, 0x000000070b000000, 0x000000070b200000|  0%| F|  |TAMS 0x000000070b000000| PB 0x000000070b000000| Untracked |  0
|  89|0x000000070b200000, 0x000000070b200000, 0x000000070b400000|  0%| F|  |TAMS 0x000000070b200000| PB 0x000000070b200000| Untracked |  0
|  90|0x000000070b400000, 0x000000070b400000, 0x000000070b600000|  0%| F|  |TAMS 0x000000070b400000| PB 0x000000070b400000| Untracked |  0
|  91|0x000000070b600000, 0x000000070b600000, 0x000000070b800000|  0%| F|  |TAMS 0x000000070b600000| PB 0x000000070b600000| Untracked |  0
|  92|0x000000070b800000, 0x000000070b800000, 0x000000070ba00000|  0%| F|  |TAMS 0x000000070b800000| PB 0x000000070b800000| Untracked |  0
|  93|0x000000070ba00000, 0x000000070ba00000, 0x000000070bc00000|  0%| F|  |TAMS 0x000000070ba00000| PB 0x000000070ba00000| Untracked |  0
|  94|0x000000070bc00000, 0x000000070bc00000, 0x000000070be00000|  0%| F|  |TAMS 0x000000070bc00000| PB 0x000000070bc00000| Untracked |  0
|  95|0x000000070be00000, 0x000000070be00000, 0x000000070c000000|  0%| F|  |TAMS 0x000000070be00000| PB 0x000000070be00000| Untracked |  0
|  96|0x000000070c000000, 0x000000070c000000, 0x000000070c200000|  0%| F|  |TAMS 0x000000070c000000| PB 0x000000070c000000| Untracked |  0
|  97|0x000000070c200000, 0x000000070c200000, 0x000000070c400000|  0%| F|  |TAMS 0x000000070c200000| PB 0x000000070c200000| Untracked |  0
|  98|0x000000070c400000, 0x000000070c400000, 0x000000070c600000|  0%| F|  |TAMS 0x000000070c400000| PB 0x000000070c400000| Untracked |  0
|  99|0x000000070c600000, 0x000000070c600000, 0x000000070c800000|  0%| F|  |TAMS 0x000000070c600000| PB 0x000000070c600000| Untracked |  0
| 100|0x000000070c800000, 0x000000070c800000, 0x000000070ca00000|  0%| F|  |TAMS 0x000000070c800000| PB 0x000000070c800000| Untracked |  0
| 101|0x000000070ca00000, 0x000000070ca00000, 0x000000070cc00000|  0%| F|  |TAMS 0x000000070ca00000| PB 0x000000070ca00000| Untracked |  0
| 102|0x000000070cc00000, 0x000000070cc00000, 0x000000070ce00000|  0%| F|  |TAMS 0x000000070cc00000| PB 0x000000070cc00000| Untracked |  0
| 103|0x000000070ce00000, 0x000000070ce00000, 0x000000070d000000|  0%| F|  |TAMS 0x000000070ce00000| PB 0x000000070ce00000| Untracked |  0
| 104|0x000000070d000000, 0x000000070d000000, 0x000000070d200000|  0%| F|  |TAMS 0x000000070d000000| PB 0x000000070d000000| Untracked |  0
| 105|0x000000070d200000, 0x000000070d200000, 0x000000070d400000|  0%| F|  |TAMS 0x000000070d200000| PB 0x000000070d200000| Untracked |  0
| 106|0x000000070d400000, 0x000000070d400000, 0x000000070d600000|  0%| F|  |TAMS 0x000000070d400000| PB 0x000000070d400000| Untracked |  0
| 107|0x000000070d600000, 0x000000070d600000, 0x000000070d800000|  0%| F|  |TAMS 0x000000070d600000| PB 0x000000070d600000| Untracked |  0
| 108|0x000000070d800000, 0x000000070d800000, 0x000000070da00000|  0%| F|  |TAMS 0x000000070d800000| PB 0x000000070d800000| Untracked |  0
| 109|0x000000070da00000, 0x000000070da00000, 0x000000070dc00000|  0%| F|  |TAMS 0x000000070da00000| PB 0x000000070da00000| Untracked |  0
| 110|0x000000070dc00000, 0x000000070dc00000, 0x000000070de00000|  0%| F|  |TAMS 0x000000070dc00000| PB 0x000000070dc00000| Untracked |  0
| 111|0x000000070de00000, 0x000000070de00000, 0x000000070e000000|  0%| F|  |TAMS 0x000000070de00000| PB 0x000000070de00000| Untracked |  0
| 112|0x000000070e000000, 0x000000070e000000, 0x000000070e200000|  0%| F|  |TAMS 0x000000070e000000| PB 0x000000070e000000| Untracked |  0
| 113|0x000000070e200000, 0x000000070e200000, 0x000000070e400000|  0%| F|  |TAMS 0x000000070e200000| PB 0x000000070e200000| Untracked |  0
| 114|0x000000070e400000, 0x000000070e400000, 0x000000070e600000|  0%| F|  |TAMS 0x000000070e400000| PB 0x000000070e400000| Untracked |  0
| 115|0x000000070e600000, 0x000000070e600000, 0x000000070e800000|  0%| F|  |TAMS 0x000000070e600000| PB 0x000000070e600000| Untracked |  0
| 116|0x000000070e800000, 0x000000070e800000, 0x000000070ea00000|  0%| F|  |TAMS 0x000000070e800000| PB 0x000000070e800000| Untracked |  0
| 117|0x000000070ea00000, 0x000000070ea00000, 0x000000070ec00000|  0%| F|  |TAMS 0x000000070ea00000| PB 0x000000070ea00000| Untracked |  0
| 118|0x000000070ec00000, 0x000000070ec00000, 0x000000070ee00000|  0%| F|  |TAMS 0x000000070ec00000| PB 0x000000070ec00000| Untracked |  0
| 127|0x000000070fe00000, 0x000000070fe00000, 0x0000000710000000|  0%| F|  |TAMS 0x000000070fe00000| PB 0x000000070fe00000| Untracked |  0
|2039|0x00000007fee00000, 0x00000007ff000000, 0x00000007ff000000|100%| O|  |TAMS 0x00000007ff000000| PB 0x00000007fee00000| Untracked |  0
|2040|0x00000007ff000000, 0x00000007ff200000, 0x00000007ff200000|100%| O|  |TAMS 0x00000007ff200000| PB 0x00000007ff000000| Untracked |  0
|2041|0x00000007ff200000, 0x00000007ff400000, 0x00000007ff400000|100%| O|  |TAMS 0x00000007ff400000| PB 0x00000007ff200000| Untracked |  0
|2042|0x00000007ff400000, 0x00000007ff600000, 0x00000007ff600000|100%| O|  |TAMS 0x00000007ff600000| PB 0x00000007ff400000| Untracked |  0
|2043|0x00000007ff600000, 0x00000007ff800000, 0x00000007ff800000|100%| O|  |TAMS 0x00000007ff800000| PB 0x00000007ff600000| Untracked |  0
|2044|0x00000007ff800000, 0x00000007ffa00000, 0x00000007ffa00000|100%| O|  |TAMS 0x00000007ffa00000| PB 0x00000007ff800000| Untracked |  0
|2045|0x00000007ffa00000, 0x00000007ffc00000, 0x00000007ffc00000|100%| O|  |TAMS 0x00000007ffc00000| PB 0x00000007ffa00000| Untracked |  0
|2046|0x00000007ffc00000, 0x00000007ffc00000, 0x00000007ffe00000|  0%| F|  |TAMS 0x00000007ffc00000| PB 0x00000007ffc00000| Untracked |  0
|2047|0x00000007ffe00000, 0x00000007fff00000, 0x0000000800000000| 50%| E|  |TAMS 0x00000007ffe00000| PB 0x00000007ffe00000| Complete |  0

Card table byte_map: [0x000000012caf8000,0x000000012d2f8000] _byte_map_base: 0x00000001292f8000

Marking Bits: (CMBitMap*) 0x00007ff4b802e610
 Bits: [0x000000012d2f8000, 0x00000001312f8000)

Polling page: 0x000000010ee21000

Metaspace:

Usage:
  Non-class:     54.02 MB used.
      Class:      6.28 MB used.
       Both:     60.30 MB used.

Virtual space:
  Non-class space:       64.00 MB reserved,      54.31 MB ( 85%) committed,  1 nodes.
      Class space:        1.00 GB reserved,       6.56 MB ( <1%) committed,  1 nodes.
             Both:        1.06 GB reserved,      60.88 MB (  6%) committed. 

Chunk freelists:
   Non-Class:  9.50 MB
       Class:  9.44 MB
        Both:  18.94 MB

MaxMetaspaceSize: unlimited
CompressedClassSpaceSize: 1.00 GB
Initial GC threshold: 21.00 MB
Current GC threshold: 60.88 MB
CDS: on
 - commit_granule_bytes: 65536.
 - commit_granule_words: 8192.
 - virtual_space_node_default_size: 8388608.
 - enlarge_chunks_in_place: 1.
UseCompressedClassPointers 1, UseCompactObjectHeaders 0
Narrow klass pointer bits 32, Max shift 3
Narrow klass base: 0x0000000134000000, Narrow klass shift: 0
Encoding Range: [0x0000000134000000 - 0x0000000234000000), (4294967296 bytes)
Klass Range:    [0x0000000134000000 - 0x0000000175000000), (1090519040 bytes)
Klass ID Range:  [8 - 1090519033) (1090519025)


Internal statistics:

num_allocs_failed_limit: 20.
num_arena_births: 636.
num_arena_deaths: 0.
num_vsnodes_births: 2.
num_vsnodes_deaths: 0.
num_space_committed: 974.
num_space_uncommitted: 0.
num_chunks_returned_to_freelist: 20.
num_chunks_taken_from_freelist: 2905.
num_chunk_merges: 11.
num_chunk_splits: 2117.
num_chunks_enlarged: 1714.
num_inconsistent_stats: 0.

CodeHeap 'non-profiled nmethods': size=120032Kb used=4670Kb max_used=4670Kb free=115361Kb
 bounds [0x00000001255c0000, 0x0000000125a50000, 0x000000012caf8000]
CodeHeap 'profiled nmethods': size=120028Kb used=15343Kb max_used=15343Kb free=104684Kb
 bounds [0x000000011daf8000, 0x000000011e9f8000, 0x000000012502f000]
CodeHeap 'non-nmethods': size=5700Kb used=1587Kb max_used=1633Kb free=4112Kb
 bounds [0x000000012502f000, 0x000000012529f000, 0x00000001255c0000]
CodeCache: size=245760Kb, used=21600Kb, max_used=21646Kb, free=224157Kb
 total_blobs=9383, nmethods=8714, adapters=575, full_count=0
Compilation: enabled, stopped_count=0, restarted_count=0

Compilation events (20 events):
Event: 7.019 Thread 0x00007ff4b9823600 9631       2       java.util.HexFormat::toHighHexDigit (38 bytes)
Event: 7.019 Thread 0x00007ff4b9823600 nmethod 9631 0x000000011e9f1e88 code [0x000000011e9f1fa0, 0x000000011e9f2138]
Event: 7.019 Thread 0x00007ff4b9823600 9629   !   2       java.util.HexFormat::toHexDigits (40 bytes)
Event: 7.019 Thread 0x00007ff4b9823600 nmethod 9629 0x000000011e9f2188 code [0x000000011e9f2300, 0x000000011e9f25e0]
Event: 7.019 Thread 0x00007ff4b9823600 9632       2       java.util.HexFormat::toLowHexDigit (36 bytes)
Event: 7.019 Thread 0x00007ff4b9823600 nmethod 9632 0x000000011e9f2608 code [0x000000011e9f2720, 0x000000011e9f28b8]
Event: 7.019 Thread 0x00007ff4b9823600 9633       2       org.springframework.orm.jpa.persistenceunit.PersistenceManagedTypesScanner::matchesEntityTypeFilter (48 bytes)
Event: 7.020 Thread 0x00007ff4b9823600 nmethod 9633 0x000000011e9f2908 code [0x000000011e9f2a80, 0x000000011e9f2d70]
Event: 7.020 Thread 0x00007ff4b9823600 9634       2       org.springframework.util.ReflectionUtils::getAllDeclaredMethods (38 bytes)
Event: 7.021 Thread 0x00007ff4b9823600 nmethod 9634 0x000000011e9f2e08 code [0x000000011e9f2f60, 0x000000011e9f3228]
Event: 7.034 Thread 0x00007ff4b9823600 9635   !   2       jdk.proxy3.$Proxy83::annotationType (28 bytes)
Event: 7.034 Thread 0x00007ff4b9823600 nmethod 9635 0x000000011e9f3308 code [0x000000011e9f3440, 0x000000011e9f36c8]
Event: 7.034 Thread 0x00007ff4b9823600 9636       2       org.springframework.boot.test.mock.mockito.MockitoPostProcessor$$Lambda/0x00000001355722a8::doWith (13 bytes)
Event: 7.034 Thread 0x00007ff4b9823600 nmethod 9636 0x000000011e9f3708 code [0x000000011e9f3820, 0x000000011e9f3958]
Event: 7.034 Thread 0x00007ff4b9823600 9637       2       org.springframework.boot.test.mock.mockito.MockitoPostProcessor::lambda$postProcessProperties$0 (7 bytes)
Event: 7.034 Thread 0x00007ff4b9823600 nmethod 9637 0x000000011e9f3a08 code [0x000000011e9f3b20, 0x000000011e9f3c38]
Event: 7.039 Thread 0x00007ff4bb00e600 nmethod 9556 0x0000000125a4ae88 code [0x0000000125a4b3c0, 0x0000000125a4ed08]
Event: 7.040 Thread 0x00007ff4bb00e600 9574       4       org.springframework.beans.factory.support.DefaultSingletonBeanRegistry::containsSingleton (11 bytes)
Event: 7.060 Thread 0x00007ff4bb00e600 nmethod 9574 0x0000000125a4f288 code [0x0000000125a4f400, 0x0000000125a4fa38]
Event: 7.060 Thread 0x00007ff4bb00e600 9570       4       org.springframework.beans.factory.support.AbstractBeanFactory::isTypeMatch (745 bytes)

GC Heap History (18 events):
Event: 1.490 GC heap before
{Heap before GC invocations=0 (full 0):
 garbage-first heap   total reserved 4194304K, committed 264192K, used 50270K [0x0000000700000000, 0x0000000800000000)
  region size 2048K, 24 young (49152K), 0 survivors (0K)
 Metaspace       used 9253K, committed 9472K, reserved 1114112K
  class space    used 858K, committed 960K, reserved 1048576K
}
Event: 1.495 GC heap after
{Heap after GC invocations=1 (full 0):
 garbage-first heap   total reserved 4194304K, committed 264192K, used 5555K [0x0000000700000000, 0x0000000800000000)
  region size 2048K, 3 young (6144K), 3 survivors (6144K)
 Metaspace       used 9253K, committed 9472K, reserved 1114112K
  class space    used 858K, committed 960K, reserved 1048576K
}
Event: 2.567 GC heap before
{Heap before GC invocations=1 (full 0):
 garbage-first heap   total reserved 4194304K, committed 264192K, used 118195K [0x0000000700000000, 0x0000000800000000)
  region size 2048K, 58 young (118784K), 3 survivors (6144K)
 Metaspace       used 15755K, committed 16000K, reserved 1114112K
  class space    used 1532K, committed 1664K, reserved 1048576K
}
Event: 2.579 GC heap after
{Heap after GC invocations=2 (full 0):
 garbage-first heap   total reserved 4194304K, committed 264192K, used 15154K [0x0000000700000000, 0x0000000800000000)
  region size 2048K, 7 young (14336K), 7 survivors (14336K)
 Metaspace       used 15755K, committed 16000K, reserved 1114112K
  class space    used 1532K, committed 1664K, reserved 1048576K
}
Event: 3.497 GC heap before
{Heap before GC invocations=2 (full 0):
 garbage-first heap   total reserved 4194304K, committed 264192K, used 234290K [0x0000000700000000, 0x0000000800000000)
  region size 2048K, 66 young (135168K), 7 survivors (14336K)
 Metaspace       used 21158K, committed 21504K, reserved 1114112K
  class space    used 2005K, committed 2176K, reserved 1048576K
}
Event: 3.514 GC heap after
{Heap after GC invocations=3 (full 0):
 garbage-first heap   total reserved 4194304K, committed 266240K, used 29590K [0x0000000700000000, 0x0000000800000000)
  region size 2048K, 7 young (14336K), 7 survivors (14336K)
 Metaspace       used 21158K, committed 21504K, reserved 1114112K
  class space    used 2005K, committed 2176K, reserved 1048576K
}
Event: 4.478 GC heap before
{Heap before GC invocations=4 (full 0):
 garbage-first heap   total reserved 4194304K, committed 110592K, used 103318K [0x0000000700000000, 0x0000000800000000)
  region size 2048K, 44 young (90112K), 7 survivors (14336K)
 Metaspace       used 35493K, committed 35968K, reserved 1114112K
  class space    used 3749K, committed 3968K, reserved 1048576K
}
Event: 4.488 GC heap after
{Heap after GC invocations=5 (full 0):
 garbage-first heap   total reserved 4194304K, committed 129024K, used 34882K [0x0000000700000000, 0x0000000800000000)
  region size 2048K, 3 young (6144K), 3 survivors (6144K)
 Metaspace       used 35493K, committed 35968K, reserved 1114112K
  class space    used 3749K, committed 3968K, reserved 1048576K
}
Event: 4.496 GC heap before
{Heap before GC invocations=5 (full 0):
 garbage-first heap   total reserved 4194304K, committed 129024K, used 34882K [0x0000000700000000, 0x0000000800000000)
  region size 2048K, 4 young (8192K), 3 survivors (6144K)
 Metaspace       used 35862K, committed 36288K, reserved 1114112K
  class space    used 3775K, committed 3968K, reserved 1048576K
}
Event: 4.504 GC heap after
{Heap after GC invocations=6 (full 0):
 garbage-first heap   total reserved 4194304K, committed 129024K, used 35630K [0x0000000700000000, 0x0000000800000000)
  region size 2048K, 1 young (2048K), 1 survivors (2048K)
 Metaspace       used 35862K, committed 36288K, reserved 1114112K
  class space    used 3775K, committed 3968K, reserved 1048576K
}
Event: 4.513 GC heap before
{Heap before GC invocations=6 (full 0):
 garbage-first heap   total reserved 4194304K, committed 129024K, used 35630K [0x0000000700000000, 0x0000000800000000)
  region size 2048K, 2 young (4096K), 1 survivors (2048K)
 Metaspace       used 36172K, committed 36608K, reserved 1114112K
  class space    used 3802K, committed 4032K, reserved 1048576K
}
Event: 4.514 GC heap after
{Heap after GC invocations=7 (full 0):
 garbage-first heap   total reserved 4194304K, committed 129024K, used 34864K [0x0000000700000000, 0x0000000800000000)
  region size 2048K, 1 young (2048K), 1 survivors (2048K)
 Metaspace       used 36172K, committed 36608K, reserved 1114112K
  class space    used 3802K, committed 4032K, reserved 1048576K
}
Event: 5.089 GC heap before
{Heap before GC invocations=8 (full 0):
 garbage-first heap   total reserved 4194304K, committed 129024K, used 96304K [0x0000000700000000, 0x0000000800000000)
  region size 2048K, 31 young (63488K), 1 survivors (2048K)
 Metaspace       used 43896K, committed 44416K, reserved 1114112K
  class space    used 4477K, committed 4736K, reserved 1048576K
}
Event: 5.094 GC heap after
{Heap after GC invocations=9 (full 0):
 garbage-first heap   total reserved 4194304K, committed 129024K, used 41123K [0x0000000700000000, 0x0000000800000000)
  region size 2048K, 4 young (8192K), 4 survivors (8192K)
 Metaspace       used 43896K, committed 44416K, reserved 1114112K
  class space    used 4477K, committed 4736K, reserved 1048576K
}
Event: 5.843 GC heap before
{Heap before GC invocations=9 (full 0):
 garbage-first heap   total reserved 4194304K, committed 129024K, used 100515K [0x0000000700000000, 0x0000000800000000)
  region size 2048K, 33 young (67584K), 4 survivors (8192K)
 Metaspace       used 50513K, committed 51072K, reserved 1114112K
  class space    used 5276K, committed 5504K, reserved 1048576K
}
Event: 5.851 GC heap after
{Heap after GC invocations=10 (full 0):
 garbage-first heap   total reserved 4194304K, committed 264192K, used 43873K [0x0000000700000000, 0x0000000800000000)
  region size 2048K, 2 young (4096K), 2 survivors (4096K)
 Metaspace       used 50513K, committed 51072K, reserved 1114112K
  class space    used 5276K, committed 5504K, reserved 1048576K
}
Event: 7.041 GC heap before
{Heap before GC invocations=10 (full 0):
 garbage-first heap   total reserved 4194304K, committed 264192K, used 138081K [0x0000000700000000, 0x0000000800000000)
  region size 2048K, 49 young (100352K), 2 survivors (4096K)
 Metaspace       used 61403K, committed 62016K, reserved 1114112K
  class space    used 6418K, committed 6720K, reserved 1048576K
}
Event: 7.050 GC heap after
{Heap after GC invocations=11 (full 0):
 garbage-first heap   total reserved 4194304K, committed 264192K, used 48497K [0x0000000700000000, 0x0000000800000000)
  region size 2048K, 5 young (10240K), 5 survivors (10240K)
 Metaspace       used 61403K, committed 62016K, reserved 1114112K
  class space    used 6418K, committed 6720K, reserved 1048576K
}

Dll operation events (7 events):
Event: 0.007 Loaded shared library /usr/local/Cellar/openjdk/24.0.1/libexec/openjdk.jdk/Contents/Home/lib/libjava.dylib
Event: 0.045 Loaded shared library /usr/local/Cellar/openjdk/24.0.1/libexec/openjdk.jdk/Contents/Home/lib/libnio.dylib
Event: 0.048 Loaded shared library /usr/local/Cellar/openjdk/24.0.1/libexec/openjdk.jdk/Contents/Home/lib/libzip.dylib
Event: 0.056 Loaded shared library /usr/local/Cellar/openjdk/24.0.1/libexec/openjdk.jdk/Contents/Home/lib/libnet.dylib
Event: 0.143 Loaded shared library /usr/local/Cellar/openjdk/24.0.1/libexec/openjdk.jdk/Contents/Home/lib/libjimage.dylib
Event: 0.840 Loaded shared library /private/var/folders/kr/0q_yf83930j4h93c1mc7tskh0000gn/T/jansi-2.4.3-27c71e904d9605f2-libjansi.jnilib
Event: 0.856 Loaded shared library /usr/local/Cellar/openjdk/24.0.1/libexec/openjdk.jdk/Contents/Home/lib/libverify.dylib

Deoptimization events (20 events):
Event: 6.619 Thread 0x00007ff4b9809c00 Uncommon trap: trap_request=0xffffff4d fr.pc=0x0000000125651008 relative=0x0000000000000088
Event: 6.619 Thread 0x00007ff4b9809c00 Uncommon trap: reason=unstable_if action=reinterpret pc=0x0000000125651008 method=java.lang.CharacterDataLatin1.isWhitespace(I)Z @ 14 c2
Event: 6.620 Thread 0x00007ff4b9809c00 DEOPT PACKING pc=0x0000000125651008 sp=0x000070000f20de50
Event: 6.620 Thread 0x00007ff4b9809c00 DEOPT UNPACKING pc=0x0000000125147979 sp=0x000070000f20ddf0 mode 2
Event: 6.709 Thread 0x00007ff4b9809c00 Uncommon trap: trap_request=0xffffff4d fr.pc=0x0000000125810df8 relative=0x00000000000002f8
Event: 6.709 Thread 0x00007ff4b9809c00 Uncommon trap: reason=unstable_if action=reinterpret pc=0x0000000125810df8 method=java.lang.String.compareTo(Ljava/lang/String;)I @ 22 c2
Event: 6.709 Thread 0x00007ff4b9809c00 DEOPT PACKING pc=0x0000000125810df8 sp=0x000070000f20ce60
Event: 6.709 Thread 0x00007ff4b9809c00 DEOPT UNPACKING pc=0x0000000125147979 sp=0x000070000f20ce00 mode 2
Event: 6.947 Thread 0x00007ff4b9809c00 Uncommon trap: trap_request=0xffffff4d fr.pc=0x000000012560a628 relative=0x0000000000000408
Event: 6.947 Thread 0x00007ff4b9809c00 Uncommon trap: reason=unstable_if action=reinterpret pc=0x000000012560a628 method=org.springframework.boot.context.properties.source.ConfigurationPropertyName.getElement(ILorg/springframework/boot/context/properties/source/ConfigurationPropertyName$Form;)
Event: 6.947 Thread 0x00007ff4b9809c00 DEOPT PACKING pc=0x000000012560a628 sp=0x000070000f20c440
Event: 6.947 Thread 0x00007ff4b9809c00 DEOPT UNPACKING pc=0x0000000125147979 sp=0x000070000f20c3f8 mode 2
Event: 6.984 Thread 0x00007ff4b9809c00 Uncommon trap: trap_request=0xffffff4d fr.pc=0x00000001259b62d0 relative=0x0000000000000610
Event: 6.984 Thread 0x00007ff4b9809c00 Uncommon trap: reason=unstable_if action=reinterpret pc=0x00000001259b62d0 method=java.lang.PublicMethods$MethodList.filter([Ljava/lang/reflect/Method;Ljava/lang/String;[Ljava/lang/Class;Z)Ljava/lang/PublicMethods$MethodList; @ 58 c2
Event: 6.984 Thread 0x00007ff4b9809c00 DEOPT PACKING pc=0x00000001259b62d0 sp=0x000070000f20ce70
Event: 6.984 Thread 0x00007ff4b9809c00 DEOPT UNPACKING pc=0x0000000125147979 sp=0x000070000f20ce10 mode 2
Event: 7.037 Thread 0x00007ff4b9809c00 Uncommon trap: trap_request=0xffffff4d fr.pc=0x000000012592ef14 relative=0x0000000000003154
Event: 7.037 Thread 0x00007ff4b9809c00 Uncommon trap: reason=unstable_if action=reinterpret pc=0x000000012592ef14 method=org.springframework.util.StringUtils.cleanPath(Ljava/lang/String;)Ljava/lang/String; @ 4 c2
Event: 7.037 Thread 0x00007ff4b9809c00 DEOPT PACKING pc=0x000000012592ef14 sp=0x000070000f20eac0
Event: 7.037 Thread 0x00007ff4b9809c00 DEOPT UNPACKING pc=0x0000000125147979 sp=0x000070000f20eaa0 mode 2

Classes loaded (20 events):
Event: 6.920 Loading class java/util/stream/LongStream done
Event: 6.920 Loading class java/util/stream/LongPipeline done
Event: 6.920 Loading class java/util/stream/LongPipeline$StatelessOp done
Event: 6.920 Loading class java/util/stream/ReferencePipeline$5 done
Event: 6.920 Loading class java/util/function/LongBinaryOperator
Event: 6.920 Loading class java/util/function/LongBinaryOperator done
Event: 6.921 Loading class java/util/stream/ReduceOps$10
Event: 6.921 Loading class java/util/stream/ReduceOps$10 done
Event: 6.922 Loading class java/util/stream/ReduceOps$8ReducingSink
Event: 6.922 Loading class java/util/stream/Sink$OfLong
Event: 6.922 Loading class java/util/stream/Sink$OfLong done
Event: 6.922 Loading class java/util/stream/ReduceOps$8ReducingSink done
Event: 6.922 Loading class java/util/stream/ReferencePipeline$5$1
Event: 6.922 Loading class java/util/stream/ReferencePipeline$5$1 done
Event: 6.928 Loading class java/time/Instant$1
Event: 6.928 Loading class java/time/Instant$1 done
Event: 6.983 Loading class javax/naming/Referenceable
Event: 6.983 Loading class javax/naming/Referenceable done
Event: 7.035 Loading class java/lang/instrument/ClassFileTransformer
Event: 7.035 Loading class java/lang/instrument/ClassFileTransformer done

Classes unloaded (0 events):
No events

Classes redefined (0 events):
No events

Internal exceptions (20 events):
Event: 5.855 Thread 0x00007ff4b9809c00 Exception <a 'java/lang/NoClassDefFoundError'{0x00000007ffe38808}: org/springframework/session/jdbc/JdbcIndexedSessionRepository> (0x00000007ffe38808) 
thrown [src/hotspot/share/classfile/systemDictionary.cpp, line 316]
Event: 5.938 Thread 0x00007ff4b9809c00 Exception <a 'java/lang/NoSuchMethodError'{0x000000070ff939f8}: 'java.lang.Object java.lang.invoke.Invokers$Holder.invokeExact_MT(java.lang.Object, java.lang.Object, java.lang.Object, java.lang.Object, java.lang.Object, java.lang.Object)'> (0x000000070ff939f8) 
thrown [src/hotspot/share/interpreter/linkResolver.cpp, line 805]
Event: 6.005 Thread 0x00007ff4b9809c00 Exception <a 'java/lang/NoSuchMethodError'{0x000000070e839190}: 'int java.lang.invoke.DirectMethodHandle$Holder.invokeSpecialIFC(java.lang.Object, java.lang.Object, java.lang.Object)'> (0x000000070e839190) 
thrown [src/hotspot/share/interpreter/linkResolver.cpp, line 805]
Event: 6.074 Thread 0x00007ff4b9809c00 Exception <a 'java/lang/NoSuchMethodError'{0x000000070e20c120}: 'java.lang.Object java.lang.invoke.DirectMethodHandle$Holder.invokeVirtual(java.lang.Object, java.lang.Object, java.lang.Object, java.lang.Object, java.lang.Object, java.lang.Object, java.lang.Object, java.lang.Object, java.lang.Object, java.lang.Object)'> (0x000000070e20c120) 
thrown [src/hotspot/share/interpreter/linkResolver.cpp, line 805]
Event: 6.138 Thread 0x00007ff4b9809c00 Exception <a 'java/lang/NoSuchMethodError'{0x000000070dc74b70}: 'java.lang.Object java.lang.invoke.DirectMethodHandle$Holder.invokeVirtual(java.lang.Object, java.lang.Object, int)'> (0x000000070dc74b70) 
thrown [src/hotspot/share/interpreter/linkResolver.cpp, line 805]
Event: 6.164 Thread 0x00007ff4b9809c00 Exception <a 'java/lang/IncompatibleClassChangeError'{0x000000070da668c8}: Found class java.lang.Object, but interface was expected> (0x000000070da668c8) 
thrown [src/hotspot/share/interpreter/linkResolver.cpp, line 872]
Event: 6.386 Thread 0x00007ff4b9809c00 Exception <a 'java/lang/NoSuchMethodError'{0x000000070c3630c8}: 'void java.lang.invoke.DirectMethodHandle$Holder.invokeStaticInit(java.lang.Object, java.lang.Object, java.lang.Object, java.lang.Object, java.lang.Object)'> (0x000000070c3630c8) 
thrown [src/hotspot/share/interpreter/linkResolver.cpp, line 805]
Event: 6.503 Thread 0x00007ff4b9809c00 Implicit null exception at 0x000000012563f224 to 0x000000012563f360
Event: 6.517 Thread 0x00007ff4b9809c00 Exception <a 'java/lang/NoSuchMethodError'{0x000000070bbaa320}: 'java.lang.Object java.lang.invoke.DirectMethodHandle$Holder.invokeStaticInit(java.lang.Object, java.lang.Object, java.lang.Object, java.lang.Object)'> (0x000000070bbaa320) 
thrown [src/hotspot/share/interpreter/linkResolver.cpp, line 805]
Event: 6.526 Thread 0x00007ff4b9809c00 Exception <a 'java/lang/NoSuchMethodError'{0x000000070b935618}: 'java.lang.Object java.lang.invoke.DirectMethodHandle$Holder.invokeSpecial(java.lang.Object, java.lang.Object, java.lang.Object, java.lang.Object, java.lang.Object, int, java.lang.Object)'> (0x000000070b935618) 
thrown [src/hotspot/share/interpreter/linkResolver.cpp, line 805]
Event: 6.529 Thread 0x00007ff4b9809c00 Exception <a 'java/lang/NoSuchMethodError'{0x000000070b965f90}: 'void java.lang.invoke.DirectMethodHandle$Holder.invokeSpecial(java.lang.Object, java.lang.Object, java.lang.Object, java.lang.Object, java.lang.Object, java.lang.Object, java.lang.Object)'> (0x000000070b965f90) 
thrown [src/hotspot/share/interpreter/linkResolver.cpp, line 805]
Event: 6.631 Thread 0x00007ff4b9809c00 Exception <a 'java/lang/NoSuchMethodError'{0x000000070b3209a0}: 'java.lang.Object java.lang.invoke.DirectMethodHandle$Holder.invokeSpecial(java.lang.Object, java.lang.Object, long, java.lang.Object)'> (0x000000070b3209a0) 
thrown [src/hotspot/share/interpreter/linkResolver.cpp, line 805]
Event: 6.631 Thread 0x00007ff4b9809c00 Exception <a 'java/lang/NoSuchMethodError'{0x000000070b3296f0}: 'java.lang.Object java.lang.invoke.DelegatingMethodHandle$Holder.reinvoke_L(java.lang.Object, java.lang.Object, long, java.lang.Object)'> (0x000000070b3296f0) 
thrown [src/hotspot/share/interpreter/linkResolver.cpp, line 805]
Event: 6.639 Thread 0x00007ff4b9809c00 Exception <a 'java/lang/NoSuchMethodError'{0x000000070b390598}: 'java.lang.Object java.lang.invoke.DirectMethodHandle$Holder.invokeSpecial(java.lang.Object, java.lang.Object, java.lang.Object, java.lang.Object, java.lang.Object, java.lang.Object, java.lang.Object, java.lang.Object, java.lang.Object, java.lang.Object, java.lang.Object, java.lang.Object, java.lang.Object, java.lang.Object, java.lang.Object, java.lang.Object)'> (0x000000070b390598) 
thrown [src/hotspot/share/interpreter/linkResolver.cpp, line
Event: 6.639 Thread 0x00007ff4b9809c00 Exception <a 'java/lang/NoSuchMethodError'{0x000000070b39aea0}: 'java.lang.Object java.lang.invoke.DirectMethodHandle$Holder.invokeSpecial(java.lang.Object, java.lang.Object, java.lang.Object, java.lang.Object, java.lang.Object, java.lang.Object, java.lang.Object, java.lang.Object, java.lang.Object, java.lang.Object, java.lang.Object, java.lang.Object, java.lang.Object, java.lang.Object, java.lang.Object, java.lang.Object, java.lang.Object)'> (0x000000070b39aea0) 
thrown [src/hotspot/share/interpreter/link
Event: 6.639 Thread 0x00007ff4b9809c00 Exception <a 'java/lang/NoSuchMethodError'{0x000000070b3a4db8}: 'java.lang.Object java.lang.invoke.DelegatingMethodHandle$Holder.reinvoke_L(java.lang.Object, java.lang.Object, java.lang.Object, java.lang.Object, java.lang.Object, java.lang.Object, java.lang.Object, java.lang.Object, java.lang.Object, java.lang.Object, java.lang.Object, java.lang.Object, java.lang.Object, java.lang.Object, java.lang.Object, java.lang.Object)'> (0x000000070b3a4db8) 
thrown [src/hotspot/share/interpreter/linkResolver.cpp, lin
Event: 6.640 Thread 0x00007ff4b9809c00 Exception <a 'java/lang/NoSuchMethodError'{0x000000070b3b7b00}: 'java.lang.Object java.lang.invoke.Invokers$Holder.linkToTargetMethod(java.lang.Object, java.lang.Object, java.lang.Object, java.lang.Object, java.lang.Object, java.lang.Object, java.lang.Object, java.lang.Object, java.lang.Object, java.lang.Object, java.lang.Object, java.lang.Object, java.lang.Object, java.lang.Object, java.lang.Object)'> (0x000000070b3b7b00) 
thrown [src/hotspot/share/interpreter/linkResolver.cpp, line 805]
Event: 6.920 Thread 0x00007ff4b9809c00 Exception <a 'java/lang/NoSuchMethodError'{0x0000000709ee5380}: 'long java.lang.invoke.DirectMethodHandle$Holder.invokeStatic(java.lang.Object, long, long)'> (0x0000000709ee5380) 
thrown [src/hotspot/share/interpreter/linkResolver.cpp, line 805]
Event: 6.955 Thread 0x00007ff4b9809c00 Exception <a 'java/lang/NoSuchMethodError'{0x0000000709ccc310}: 'java.lang.Object java.lang.invoke.DirectMethodHandle$Holder.newInvokeSpecial(java.lang.Object, java.lang.Object, java.lang.Object, java.lang.Object, java.lang.Object, java.lang.Object, java.lang.Object, java.lang.Object, java.lang.Object, java.lang.Object, java.lang.Object)'> (0x0000000709ccc310) 
thrown [src/hotspot/share/interpreter/linkResolver.cpp, line 805]
Event: 6.986 Thread 0x00007ff4b9809c00 Exception <a 'java/lang/NoSuchMethodError'{0x0000000709a8e6d8}: 'java.lang.Object java.lang.invoke.DirectMethodHandle$Holder.invokeVirtual(java.lang.Object, java.lang.Object, java.lang.Object, java.lang.Object, java.lang.Object)'> (0x0000000709a8e6d8) 
thrown [src/hotspot/share/interpreter/linkResolver.cpp, line 805]

VM Operations (20 events):
Event: 6.147 Executing VM operation: HandshakeAllThreads (Deoptimize)
Event: 6.147 Executing VM operation: HandshakeAllThreads (Deoptimize) done
Event: 6.180 Executing VM operation: HandshakeAllThreads (Deoptimize)
Event: 6.180 Executing VM operation: HandshakeAllThreads (Deoptimize) done
Event: 6.378 Executing VM operation: HandshakeAllThreads (Deoptimize)
Event: 6.378 Executing VM operation: HandshakeAllThreads (Deoptimize) done
Event: 6.388 Executing VM operation: HandshakeAllThreads (Deoptimize)
Event: 6.388 Executing VM operation: HandshakeAllThreads (Deoptimize) done
Event: 6.398 Executing VM operation: HandshakeAllThreads (Deoptimize)
Event: 6.398 Executing VM operation: HandshakeAllThreads (Deoptimize) done
Event: 6.414 Executing VM operation: HandshakeAllThreads (Deoptimize)
Event: 6.414 Executing VM operation: HandshakeAllThreads (Deoptimize) done
Event: 6.691 Executing VM operation: HandshakeAllThreads (Deoptimize)
Event: 6.691 Executing VM operation: HandshakeAllThreads (Deoptimize) done
Event: 6.922 Executing VM operation: HandshakeAllThreads (Deoptimize)
Event: 6.922 Executing VM operation: HandshakeAllThreads (Deoptimize) done
Event: 6.948 Executing VM operation: HandshakeAllThreads (Deoptimize)
Event: 6.948 Executing VM operation: HandshakeAllThreads (Deoptimize) done
Event: 7.041 Executing VM operation: CollectForMetadataAllocation (Metadata GC Threshold)
Event: 7.050 Executing VM operation: CollectForMetadataAllocation (Metadata GC Threshold) done

Memory protections (20 events):
Event: 0.040 Protecting memory [0x0000700010147000,0x000070001014b000] with protection modes 0
Event: 0.042 Protecting memory [0x000070001024a000,0x000070001024e000] with protection modes 0
Event: 0.111 Protecting memory [0x000070001034d000,0x0000700010351000] with protection modes 0
Event: 0.142 Protecting memory [0x0000700010450000,0x0000700010454000] with protection modes 0
Event: 0.148 Protecting memory [0x0000700010450000,0x0000700010454000] with protection modes 3
Event: 0.840 Protecting memory [0x000070001034d000,0x0000700010351000] with protection modes 3
Event: 0.944 Protecting memory [0x000070001034d000,0x0000700010351000] with protection modes 0
Event: 1.155 Protecting memory [0x0000700010450000,0x0000700010454000] with protection modes 0
Event: 1.856 Protecting memory [0x0000700010a62000,0x0000700010a66000] with protection modes 0
Event: 3.292 Protecting memory [0x0000700010d6b000,0x0000700010d6f000] with protection modes 0
Event: 3.318 Protecting memory [0x0000700010d6b000,0x0000700010d6f000] with protection modes 3
Event: 4.208 Protecting memory [0x0000700010e6e000,0x0000700010e72000] with protection modes 0
Event: 4.752 Protecting memory [0x0000700010f71000,0x0000700010f75000] with protection modes 0
Event: 4.813 Protecting memory [0x0000700010f71000,0x0000700010f75000] with protection modes 3
Event: 4.818 Protecting memory [0x0000700010e6e000,0x0000700010e72000] with protection modes 3
Event: 6.297 Protecting memory [0x0000700010e6e000,0x0000700010e72000] with protection modes 0
Event: 6.504 Protecting memory [0x0000700010f71000,0x0000700010f75000] with protection modes 0
Event: 6.607 Protecting memory [0x0000700011074000,0x0000700011078000] with protection modes 0
Event: 6.660 Protecting memory [0x0000700011177000,0x000070001117b000] with protection modes 0
Event: 6.660 Protecting memory [0x0000700011177000,0x000070001117b000] with protection modes 3

Nmethod flushes (20 events):
Event: 4.553 Thread 0x00007ff4b8819bd0 flushing  nmethod 0x000000011e0e9788
Event: 4.553 Thread 0x00007ff4b8819bd0 flushing  nmethod 0x000000011e133a08
Event: 4.553 Thread 0x00007ff4b8819bd0 flushing  nmethod 0x000000011e16ea08
Event: 4.553 Thread 0x00007ff4b8819bd0 flushing  nmethod 0x000000011e199408
Event: 4.553 Thread 0x00007ff4b8819bd0 flushing  nmethod 0x000000011e1c5a88
Event: 4.553 Thread 0x00007ff4b8819bd0 flushing  nmethod 0x000000011e20f608
Event: 4.553 Thread 0x00007ff4b8819bd0 flushing  nmethod 0x000000011e28d908
Event: 4.553 Thread 0x00007ff4b8819bd0 flushing  nmethod 0x000000011e310a08
Event: 4.553 Thread 0x00007ff4b8819bd0 flushing  nmethod 0x000000011e311688
Event: 4.553 Thread 0x00007ff4b8819bd0 flushing  nmethod 0x000000011e311a08
Event: 4.553 Thread 0x00007ff4b8819bd0 flushing  nmethod 0x000000011e311d88
Event: 4.553 Thread 0x00007ff4b8819bd0 flushing  nmethod 0x000000011e312e88
Event: 4.553 Thread 0x00007ff4b8819bd0 flushing  nmethod 0x000000011e313908
Event: 4.553 Thread 0x00007ff4b8819bd0 flushing  nmethod 0x000000011e36d388
Event: 4.553 Thread 0x00007ff4b8819bd0 flushing  nmethod 0x000000011e37f808
Event: 4.553 Thread 0x00007ff4b8819bd0 flushing  nmethod 0x000000011e39e008
Event: 4.553 Thread 0x00007ff4b8819bd0 flushing  nmethod 0x000000011e3e6688
Event: 4.553 Thread 0x00007ff4b8819bd0 flushing  nmethod 0x000000011e3e8508
Event: 4.553 Thread 0x00007ff4b8819bd0 flushing  nmethod 0x000000011e48ac08
Event: 4.553 Thread 0x00007ff4b8819bd0 flushing  nmethod 0x000000011e4ac988

Events (20 events):
Event: 0.040 Thread 0x00007ff4b9809c00 Thread added: 0x00007ff4b9060000
Event: 0.042 Thread 0x00007ff4b9809c00 Thread added: 0x00007ff4b80b3c00
Event: 0.111 Thread 0x00007ff4b9823600 Thread added: 0x00007ff4b81b5400
Event: 0.142 Thread 0x00007ff4b9809c00 Thread added: 0x00007ff4b91c8000
Event: 0.148 Thread 0x00007ff4b91c8000 Thread exited: 0x00007ff4b91c8000
Event: 0.840 Thread 0x00007ff4b81b5400 Thread exited: 0x00007ff4b81b5400
Event: 0.944 Thread 0x00007ff4b9823600 Thread added: 0x00007ff4b99b6c00
Event: 1.155 Thread 0x00007ff4b9823600 Thread added: 0x00007ff4b9298400
Event: 1.856 Thread 0x00007ff4b9809c00 Thread added: 0x00007ff4bb413200
Event: 3.292 Thread 0x00007ff4b9809c00 Thread added: 0x00007ff4bb5f1e00
Event: 3.318 Thread 0x00007ff4bb5f1e00 Thread exited: 0x00007ff4bb5f1e00
Event: 4.208 Thread 0x00007ff4b9809c00 Thread added: 0x00007ff4b960be00
Event: 4.752 Thread 0x00007ff4b9809c00 Thread added: 0x00007ff4bd227e00
Event: 4.813 Thread 0x00007ff4bd227e00 Thread exited: 0x00007ff4bd227e00
Event: 4.818 Thread 0x00007ff4b960be00 Thread exited: 0x00007ff4b960be00
Event: 6.297 Thread 0x00007ff4b9809c00 Thread added: 0x00007ff4b8523c00
Event: 6.504 Thread 0x00007ff4b9809c00 Thread added: 0x00007ff4beb05800
Event: 6.607 Thread 0x00007ff4beb05800 Thread added: 0x00007ff4b962e200
Event: 6.660 Thread 0x00007ff4b9809c00 Thread added: 0x00007ff4bbcf3200
Event: 6.660 Thread 0x00007ff4bbcf3200 Thread exited: 0x00007ff4bbcf3200


Dynamic libraries:
0x000000010ee02000 	/usr/local/Cellar/openjdk/24.0.1/libexec/openjdk.jdk/Contents/Home/lib/libjli.dylib
0x00007ff827de3000 	/usr/lib/libz.1.dylib
0x00007ff827ece000 	/usr/lib/libSystem.B.dylib
0x00007ff827ec8000 	/usr/lib/system/libcache.dylib
0x00007ff827e81000 	/usr/lib/system/libcommonCrypto.dylib
0x00007ff827eab000 	/usr/lib/system/libcompiler_rt.dylib
0x00007ff827e9f000 	/usr/lib/system/libcopyfile.dylib
0x00007ff81970b000 	/usr/lib/system/libcorecrypto.dylib
0x00007ff819809000 	/usr/lib/system/libdispatch.dylib
0x00007ff8199bc000 	/usr/lib/system/libdyld.dylib
0x00007ff827ebe000 	/usr/lib/system/libkeymgr.dylib
0x00007ff827e66000 	/usr/lib/system/libmacho.dylib
0x00007ff82719f000 	/usr/lib/system/libquarantine.dylib
0x00007ff827ebb000 	/usr/lib/system/libremovefile.dylib
0x00007ff81f5ec000 	/usr/lib/system/libsystem_asl.dylib
0x00007ff8196a5000 	/usr/lib/system/libsystem_blocks.dylib
0x00007ff819854000 	/usr/lib/system/libsystem_c.dylib
0x00007ff827eb3000 	/usr/lib/system/libsystem_collections.dylib
0x00007ff82606e000 	/usr/lib/system/libsystem_configuration.dylib
0x00007ff824dc4000 	/usr/lib/system/libsystem_containermanager.dylib
0x00007ff827a2c000 	/usr/lib/system/libsystem_coreservices.dylib
0x00007ff81d01d000 	/usr/lib/system/libsystem_darwin.dylib
0x00007ffd29711000 	/usr/lib/system/libsystem_darwindirectory.dylib
0x00007ff827ebf000 	/usr/lib/system/libsystem_dnssd.dylib
0x00007ffd29716000 	/usr/lib/system/libsystem_eligibility.dylib
0x00007ff819851000 	/usr/lib/system/libsystem_featureflags.dylib
0x00007ff8199f5000 	/usr/lib/system/libsystem_info.dylib
0x00007ff827df7000 	/usr/lib/system/libsystem_m.dylib
0x00007ff8197be000 	/usr/lib/system/libsystem_malloc.dylib
0x00007ff81f55c000 	/usr/lib/system/libsystem_networkextension.dylib
0x00007ff81d459000 	/usr/lib/system/libsystem_notify.dylib
0x00007ff826072000 	/usr/lib/system/libsystem_sandbox.dylib
0x00007ffd2971e000 	/usr/lib/system/libsystem_sanitizers.dylib
0x00007ff827eb8000 	/usr/lib/system/libsystem_secinit.dylib
0x00007ff819973000 	/usr/lib/system/libsystem_kernel.dylib
0x00007ff8199eb000 	/usr/lib/system/libsystem_platform.dylib
0x00007ff8199b0000 	/usr/lib/system/libsystem_pthread.dylib
0x00007ff82139b000 	/usr/lib/system/libsystem_symptoms.dylib
0x00007ff8196f0000 	/usr/lib/system/libsystem_trace.dylib
0x00007ff827e8e000 	/usr/lib/system/libunwind.dylib
0x00007ff8196a9000 	/usr/lib/system/libxpc.dylib
0x00007ff8195c4000 	/usr/lib/libobjc.A.dylib
0x00007ff819a23000 	/System/Library/Frameworks/CoreFoundation.framework/Versions/A/CoreFoundation
0x00007ff82b8a9000 	/usr/lib/swift/libswiftCore.dylib
0x00007ff81995c000 	/usr/lib/libc++abi.dylib
0x00007ffd28170000 	/usr/lib/libRosetta.dylib
0x00007ff8198dd000 	/usr/lib/libc++.1.dylib
0x00007ff81ab84000 	/System/Library/Frameworks/Foundation.framework/Versions/C/Foundation
0x00007ff8346c8000 	/usr/lib/swift/libswiftObjectiveC.dylib
0x00007ff81d311000 	/System/Library/PrivateFrameworks/CoreServicesInternal.framework/Versions/A/CoreServicesInternal
0x00007ff827e97000 	/usr/lib/liboah.dylib
0x00007ff827ed0000 	/usr/lib/libfakelink.dylib
0x00007ff81cd74000 	/usr/lib/libicucore.A.dylib
0x00007ff827ed3000 	/System/Library/PrivateFrameworks/SoftLinking.framework/Versions/A/SoftLinking
0x00007ff82fd95000 	/System/Library/Frameworks/CoreServices.framework/Versions/A/CoreServices
0x00007ff81c990000 	/System/Library/Frameworks/Security.framework/Versions/A/Security
0x00007ff81d393000 	/System/Library/Frameworks/IOKit.framework/Versions/A/IOKit
0x00007ff833cd8000 	/System/Library/PrivateFrameworks/DiskImages.framework/Versions/A/DiskImages
0x00007ff91f826000 	/System/Library/Frameworks/NetFS.framework/Versions/A/NetFS
0x00007ff81f1b5000 	/System/Library/Frameworks/CFNetwork.framework/Versions/A/CFNetwork
0x00007ff823354000 	/System/Library/Frameworks/CoreServices.framework/Versions/A/Frameworks/FSEvents.framework/Versions/A/FSEvents
0x00007ff81d028000 	/System/Library/Frameworks/CoreServices.framework/Versions/A/Frameworks/CarbonCore.framework/Versions/A/CarbonCore
0x00007ff822542000 	/System/Library/Frameworks/CoreServices.framework/Versions/A/Frameworks/Metadata.framework/Versions/A/Metadata
0x00007ff827a33000 	/System/Library/Frameworks/CoreServices.framework/Versions/A/Frameworks/OSServices.framework/Versions/A/OSServices
0x00007ff827ffd000 	/System/Library/Frameworks/CoreServices.framework/Versions/A/Frameworks/SearchKit.framework/Versions/A/SearchKit
0x00007ff82131b000 	/System/Library/Frameworks/CoreServices.framework/Versions/A/Frameworks/AE.framework/Versions/A/AE
0x00007ff819ed8000 	/System/Library/Frameworks/CoreServices.framework/Versions/A/Frameworks/LaunchServices.framework/Versions/A/LaunchServices
0x00007ff829610000 	/System/Library/Frameworks/CoreServices.framework/Versions/A/Frameworks/DictionaryServices.framework/Versions/A/DictionaryServices
0x00007ff823362000 	/System/Library/Frameworks/CoreServices.framework/Versions/A/Frameworks/SharedFileList.framework/Versions/A/SharedFileList
0x00007ff81a810000 	/System/Library/Frameworks/SystemConfiguration.framework/Versions/A/SystemConfiguration
0x00007ff82807f000 	/usr/lib/libapple_nghttp2.dylib
0x00007ff8280cc000 	/usr/lib/libcompression.dylib
0x00007ff820f77000 	/usr/lib/libsqlite3.dylib
0x00007ff8224b5000 	/System/Library/PrivateFrameworks/CoreAnalytics.framework/Versions/A/CoreAnalytics
0x00007ff81faf1000 	/System/Library/Frameworks/CoreGraphics.framework/Versions/A/CoreGraphics
0x00007ff82c4c0000 	/System/Library/Frameworks/GSS.framework/Versions/A/GSS
0x00007ff82aab2000 	/System/Library/PrivateFrameworks/InternationalSupport.framework/Versions/A/InternationalSupport
0x00007ff8212b6000 	/System/Library/PrivateFrameworks/RunningBoardServices.framework/Versions/A/RunningBoardServices
0x00007ff81f576000 	/usr/lib/libenergytrace.dylib
0x00007ff8213a3000 	/System/Library/Frameworks/Network.framework/Versions/A/Network
0x00007ff8224e3000 	/usr/lib/libDiagnosticMessagesClient.dylib
0x00007ff8271c4000 	/usr/lib/libbsm.0.dylib
0x00007ff827e6a000 	/usr/lib/system/libkxld.dylib
0x00007ffb2d4dc000 	/System/Library/PrivateFrameworks/AppleKeyStore.framework/Versions/A/AppleKeyStore
0x00007ffd2803d000 	/usr/lib/libCoreEntitlements.dylib
0x00007ffc27882000 	/System/Library/PrivateFrameworks/MessageSecurity.framework/Versions/A/MessageSecurity
0x00007ff820f5d000 	/System/Library/PrivateFrameworks/ProtocolBuffer.framework/Versions/A/ProtocolBuffer
0x00007ff81f577000 	/usr/lib/libMobileGestalt.dylib
0x00007ff827a12000 	/System/Library/PrivateFrameworks/AppleFSCompression.framework/Versions/A/AppleFSCompression
0x00007ff8271ac000 	/usr/lib/libcoretls.dylib
0x00007ff82967e000 	/usr/lib/libcoretls_cfhelpers.dylib
0x00007ff8280c6000 	/usr/lib/libpam.2.dylib
0x00007ff8296f8000 	/usr/lib/libxar.1.dylib
0x00007ff82338d000 	/System/Library/PrivateFrameworks/CoreAutoLayout.framework/Versions/A/CoreAutoLayout
0x00007ff8225ca000 	/System/Library/Frameworks/DiskArbitration.framework/Versions/A/DiskArbitration
0x00007ff827f22000 	/usr/lib/libarchive.2.dylib
0x00007ff8233d7000 	/usr/lib/libxml2.2.dylib
0x00007ff82607f000 	/usr/lib/liblangid.dylib
0x00007ff82dc04000 	/System/Library/Frameworks/Combine.framework/Versions/A/Combine
0x00007ffb31497000 	/System/Library/PrivateFrameworks/CollectionsInternal.framework/Versions/A/CollectionsInternal
0x00007ffc2fcda000 	/System/Library/PrivateFrameworks/ReflectionInternal.framework/Versions/A/ReflectionInternal
0x00007ffc30884000 	/System/Library/PrivateFrameworks/RuntimeInternal.framework/Versions/A/RuntimeInternal
0x00007ff9226cb000 	/usr/lib/swift/libswiftCoreFoundation.dylib
0x00007ff91fcee000 	/usr/lib/swift/libswiftDarwin.dylib
0x00007ff831b6c000 	/usr/lib/swift/libswiftDispatch.dylib
0x00007ff922719000 	/usr/lib/swift/libswiftIOKit.dylib
0x00007ffd29372000 	/usr/lib/swift/libswiftSystem.dylib
0x00007ff9226db000 	/usr/lib/swift/libswiftXPC.dylib
0x00007ffd293de000 	/usr/lib/swift/libswift_Builtin_float.dylib
0x00007ffd293e1000 	/usr/lib/swift/libswift_Concurrency.dylib
0x00007ffd2952a000 	/usr/lib/swift/libswift_StringProcessing.dylib
0x00007ffd295af000 	/usr/lib/swift/libswift_errno.dylib
0x00007ffd295b1000 	/usr/lib/swift/libswift_math.dylib
0x00007ffd295b4000 	/usr/lib/swift/libswift_signal.dylib
0x00007ffd295b5000 	/usr/lib/swift/libswift_stdio.dylib
0x00007ffd295b6000 	/usr/lib/swift/libswift_time.dylib
0x00007ff8346cc000 	/usr/lib/swift/libswiftos.dylib
0x00007ffd295b7000 	/usr/lib/swift/libswiftsys_time.dylib
0x00007ffd295b8000 	/usr/lib/swift/libswiftunistd.dylib
0x00007ff82607a000 	/System/Library/PrivateFrameworks/AppleSystemInfo.framework/Versions/A/AppleSystemInfo
0x00007ff9225bd000 	/System/Library/PrivateFrameworks/LoggingSupport.framework/Versions/A/LoggingSupport
0x00007ff830cf5000 	/System/Library/PrivateFrameworks/PowerLog.framework/Versions/A/PowerLog
0x00007ffb27ebf000 	/System/Library/Frameworks/SwiftData.framework/Versions/A/SwiftData
0x00007ff81ebf3000 	/System/Library/Frameworks/UniformTypeIdentifiers.framework/Versions/A/UniformTypeIdentifiers
0x00007ff82354c000 	/System/Library/PrivateFrameworks/UserManagement.framework/Versions/A/UserManagement
0x00007ff81f0db000 	/usr/lib/libboringssl.dylib
0x00007ff82138b000 	/usr/lib/libdns_services.dylib
0x00007ff9217c6000 	/usr/lib/libquic.dylib
0x00007ff82b831000 	/usr/lib/libusrtcp.dylib
0x00007ffa26b1a000 	/System/Library/PrivateFrameworks/InternalSwiftProtobuf.framework/Versions/A/InternalSwiftProtobuf
0x00007ffd292b6000 	/usr/lib/swift/libswiftDistributed.dylib
0x00007ffd292df000 	/usr/lib/swift/libswiftObservation.dylib
0x00007ffd29368000 	/usr/lib/swift/libswiftSynchronization.dylib
0x00007ff81f1b4000 	/usr/lib/libnetwork.dylib
0x00007ff93371d000 	/System/Library/PrivateFrameworks/OSAnalytics.framework/Versions/A/OSAnalytics
0x00007ff82805d000 	/System/Library/PrivateFrameworks/AppleSauce.framework/Versions/A/AppleSauce
0x00007ff832300000 	/System/Library/PrivateFrameworks/CoreSymbolication.framework/Versions/A/CoreSymbolication
0x00007ffa224a6000 	/System/Library/PrivateFrameworks/Symbolication.framework/Versions/A/Symbolication
0x00007ff8322e0000 	/System/Library/PrivateFrameworks/DebugSymbols.framework/Versions/A/DebugSymbols
0x00007ffd27efc000 	/usr/lib/libAppleArchive.dylib
0x00007ff827a1d000 	/usr/lib/libbz2.1.0.dylib
0x00007ff82965e000 	/usr/lib/liblzma.5.dylib
0x00007ff826eb4000 	/System/Library/PrivateFrameworks/IOMobileFramebuffer.framework/Versions/A/IOMobileFramebuffer
0x00007ff824df3000 	/System/Library/Frameworks/IOSurface.framework/Versions/A/IOSurface
0x00007ff92264b000 	/System/Library/PrivateFrameworks/MallocStackLogging.framework/Versions/A/MallocStackLogging
0x00007ff82994e000 	/System/Library/PrivateFrameworks/CrashReporterSupport.framework/Versions/A/CrashReporterSupport
0x00007ff81a5c5000 	/System/Library/PrivateFrameworks/Lexicon.framework/Versions/A/Lexicon
0x00007ffc206cd000 	/System/Library/PrivateFrameworks/IO80211.framework/Versions/A/IO80211
0x00007ff831de2000 	/System/Library/PrivateFrameworks/FrontBoardServices.framework/Versions/A/FrontBoardServices
0x00007ff8270de000 	/System/Library/Frameworks/SecurityFoundation.framework/Versions/A/SecurityFoundation
0x00007ff82722f000 	/usr/lib/libgermantok.dylib
0x00007ff82618f000 	/System/Library/PrivateFrameworks/LinguisticData.framework/Versions/A/LinguisticData
0x00007ff8211d3000 	/System/Library/PrivateFrameworks/BaseBoard.framework/Versions/A/BaseBoard
0x00007ff831eb0000 	/System/Library/PrivateFrameworks/BoardServices.framework/Versions/A/BoardServices
0x00007ff8270d1000 	/System/Library/PrivateFrameworks/AssertionServices.framework/Versions/A/AssertionServices
0x00007ff833b11000 	/System/Library/PrivateFrameworks/BackBoardServices.framework/Versions/A/BackBoardServices
0x00007ff825807000 	/System/Library/Frameworks/ImageIO.framework/Versions/A/ImageIO
0x00007ff81f624000 	/System/Library/PrivateFrameworks/SkyLight.framework/Versions/A/SkyLight
0x00007ff82520f000 	/System/Library/PrivateFrameworks/FontServices.framework/libFontParser.dylib
0x00007ff830041000 	/System/Library/Frameworks/Accelerate.framework/Versions/A/Accelerate
0x00007ff81f604000 	/System/Library/PrivateFrameworks/TCC.framework/Versions/A/TCC
0x00007ff837696000 	/System/Library/PrivateFrameworks/IOSurfaceAccelerator.framework/Versions/A/IOSurfaceAccelerator
0x00007ff82a22d000 	/System/Library/PrivateFrameworks/WatchdogClient.framework/Versions/A/WatchdogClient
0x00007ff81bb28000 	/System/Library/Frameworks/CoreDisplay.framework/Versions/A/CoreDisplay
0x00007ff8250bb000 	/System/Library/Frameworks/CoreMedia.framework/Versions/A/CoreMedia
0x00007ff824e0b000 	/System/Library/PrivateFrameworks/IOAccelerator.framework/Versions/A/IOAccelerator
0x00007ff824e14000 	/System/Library/Frameworks/Metal.framework/Versions/A/Metal
0x00007ff8234ba000 	/System/Library/Frameworks/CoreVideo.framework/Versions/A/CoreVideo
0x00007ff8280c4000 	/System/Library/Frameworks/MetalPerformanceShaders.framework/Versions/A/MetalPerformanceShaders
0x00007ff82a22f000 	/System/Library/PrivateFrameworks/MultitouchSupport.framework/Versions/A/MultitouchSupport
0x00007ff822c9b000 	/System/Library/Frameworks/QuartzCore.framework/Versions/A/QuartzCore
0x00007ffc2f12b000 	/System/Library/PrivateFrameworks/ProDisplayLibrary.framework/Versions/A/ProDisplayLibrary
0x00007ff82a273000 	/System/Library/Frameworks/VideoToolbox.framework/Versions/A/VideoToolbox
0x00007ff92f5a9000 	/usr/lib/swift/libswiftMetal.dylib
0x00007ffa1e962000 	/usr/lib/swift/libswiftOSLog.dylib
0x00007ff9349f6000 	/usr/lib/swift/libswiftQuartzCore.dylib
0x00007ffa19465000 	/usr/lib/swift/libswiftUniformTypeIdentifiers.dylib
0x00007ff926131000 	/usr/lib/swift/libswiftsimd.dylib
0x00007ff8270b6000 	/System/Library/PrivateFrameworks/MobileKeyBag.framework/Versions/A/MobileKeyBag
0x00007ff826079000 	/System/Library/PrivateFrameworks/AggregateDictionary.framework/Versions/A/AggregateDictionary
0x00007ff829680000 	/System/Library/PrivateFrameworks/APFS.framework/Versions/A/APFS
0x00007ff829706000 	/usr/lib/libutil.dylib
0x00007ffd19013000 	/System/Library/PrivateFrameworks/SwiftASN1Internal.framework/Versions/A/SwiftASN1Internal
0x00007ff8225d2000 	/System/Library/Frameworks/Accelerate.framework/Versions/A/Frameworks/vImage.framework/Versions/A/vImage
0x00007ff82fd6c000 	/System/Library/Frameworks/Accelerate.framework/Versions/A/Frameworks/vecLib.framework/Versions/A/vecLib
0x00007ff82973b000 	/System/Library/Frameworks/Accelerate.framework/Versions/A/Frameworks/vecLib.framework/Versions/A/libvMisc.dylib
0x00007ff81a35f000 	/System/Library/Frameworks/Accelerate.framework/Versions/A/Frameworks/vecLib.framework/Versions/A/libBLAS.dylib
0x00007ff834201000 	/System/Library/Frameworks/ApplicationServices.framework/Versions/A/ApplicationServices
0x00007ff8203e4000 	/System/Library/Frameworks/ColorSync.framework/Versions/A/ColorSync
0x00007ff81c015000 	/System/Library/Frameworks/CoreText.framework/Versions/A/CoreText
0x00007ff82c0a3000 	/System/Library/Frameworks/ApplicationServices.framework/Versions/A/Frameworks/ATS.framework/Versions/A/ATS
0x00007ff820599000 	/System/Library/Frameworks/ApplicationServices.framework/Versions/A/Frameworks/HIServices.framework/Versions/A/HIServices
0x00007ff82a981000 	/System/Library/Frameworks/ApplicationServices.framework/Versions/A/Frameworks/PrintCore.framework/Versions/A/PrintCore
0x00007ff82c48a000 	/System/Library/Frameworks/ApplicationServices.framework/Versions/A/Frameworks/QD.framework/Versions/A/QD
0x00007ff82c482000 	/System/Library/Frameworks/ApplicationServices.framework/Versions/A/Frameworks/ColorSyncLegacy.framework/Versions/A/ColorSyncLegacy
0x00007ff82c079000 	/System/Library/Frameworks/ApplicationServices.framework/Versions/A/Frameworks/SpeechSynthesis.framework/Versions/A/SpeechSynthesis
0x00007ff826e83000 	/System/Library/PrivateFrameworks/CoreEmoji.framework/Versions/A/CoreEmoji
0x00007ffb3756a000 	/System/Library/PrivateFrameworks/FontServices.framework/Versions/A/FontServices
0x00007ff829d91000 	/System/Library/PrivateFrameworks/OTSVG.framework/Versions/A/OTSVG
0x00007ff823049000 	/System/Library/Frameworks/ApplicationServices.framework/Versions/A/Frameworks/ATS.framework/Versions/A/Resources/libFontRegistry.dylib
0x00007ffd286b4000 	/usr/lib/libhvf.dylib
0x00007ffc2b711000 	/System/Library/PrivateFrameworks/ParsingInternal.framework/Versions/A/ParsingInternal
0x00007ffd292fb000 	/usr/lib/swift/libswiftRegexBuilder.dylib
0x00007ffd2947c000 	/usr/lib/swift/libswift_RegexParser.dylib
0x00007ff82a0f3000 	/System/Library/PrivateFrameworks/AppleJPEG.framework/Versions/A/AppleJPEG
0x00007ff829bb1000 	/usr/lib/libexpat.1.dylib
0x00007ff82a848000 	/System/Library/Frameworks/ImageIO.framework/Versions/A/Resources/libPng.dylib
0x00007ff82a876000 	/System/Library/Frameworks/ImageIO.framework/Versions/A/Resources/libTIFF.dylib
0x00007ff82a96c000 	/System/Library/Frameworks/ImageIO.framework/Versions/A/Resources/libGIF.dylib
0x00007ff82a140000 	/System/Library/Frameworks/ImageIO.framework/Versions/A/Resources/libJP2.dylib
0x00007ff8298af000 	/usr/lib/libate.dylib
0x00007ff82a90b000 	/System/Library/Frameworks/ImageIO.framework/Versions/A/Resources/libJPEG.dylib
0x00007ff82a902000 	/System/Library/Frameworks/ImageIO.framework/Versions/A/Resources/libRadiance.dylib
0x00007ffc1c8b8000 	/System/Library/PrivateFrameworks/GPUCompiler.framework/Versions/32023/Libraries/libllvm-flatbuffers.dylib
0x00007ffb37635000 	/System/Library/PrivateFrameworks/FramePacing.framework/Versions/A/FramePacing
0x00007ffb1f14c000 	/System/Library/Frameworks/OpenGL.framework/Versions/A/Libraries/libCoreFSCache.dylib
0x00007ffc184c0000 	/System/Library/PrivateFrameworks/GPUCompiler.framework/Versions/32023/Libraries/libGPUCompilerUtils.dylib
0x00007ffb3756b000 	/System/Library/PrivateFrameworks/FontServices.framework/libXTFontStaticRegistryData.dylib
0x00007ff825b9b000 	/System/Library/Frameworks/CoreImage.framework/Versions/A/CoreImage
0x00007ffc2e407000 	/System/Library/PrivateFrameworks/PhotosensitivityProcessing.framework/Versions/A/PhotosensitivityProcessing
0x00007ffb1f158000 	/System/Library/Frameworks/OpenGL.framework/Versions/A/OpenGL
0x00007ffb2071c000 	/System/Library/Frameworks/OpenCL.framework/Versions/A/OpenCL
0x00007ff829d82000 	/System/Library/PrivateFrameworks/GraphVisualizer.framework/Versions/A/GraphVisualizer
0x00007ffb1f1aa000 	/System/Library/Frameworks/OpenGL.framework/Versions/A/Libraries/libGLU.dylib
0x00007ffb1f16b000 	/System/Library/Frameworks/OpenGL.framework/Versions/A/Libraries/libGFXShared.dylib
0x00007ffb1f367000 	/System/Library/Frameworks/OpenGL.framework/Versions/A/Libraries/libGL.dylib
0x00007ffb1f174000 	/System/Library/Frameworks/OpenGL.framework/Versions/A/Libraries/libGLImage.dylib
0x00007ffb1f168000 	/System/Library/Frameworks/OpenGL.framework/Versions/A/Libraries/libCVMSPluginSupport.dylib
0x00007ffb1f153000 	/System/Library/Frameworks/OpenGL.framework/Versions/A/Libraries/libCoreVMClient.dylib
0x00007ff825fb3000 	/System/Library/Frameworks/MetalPerformanceShaders.framework/Versions/A/Frameworks/MPSCore.framework/Versions/A/MPSCore
0x00007ff82796d000 	/System/Library/Frameworks/MetalPerformanceShaders.framework/Versions/A/Frameworks/MPSImage.framework/Versions/A/MPSImage
0x00007ff827248000 	/System/Library/Frameworks/MetalPerformanceShaders.framework/Versions/A/Frameworks/MPSNeuralNetwork.framework/Versions/A/MPSNeuralNetwork
0x00007ff8277a8000 	/System/Library/Frameworks/MetalPerformanceShaders.framework/Versions/A/Frameworks/MPSMatrix.framework/Versions/A/MPSMatrix
0x00007ff82755e000 	/System/Library/Frameworks/MetalPerformanceShaders.framework/Versions/A/Frameworks/MPSRayIntersector.framework/Versions/A/MPSRayIntersector
0x00007ff8277e7000 	/System/Library/Frameworks/MetalPerformanceShaders.framework/Versions/A/Frameworks/MPSNDArray.framework/Versions/A/MPSNDArray
0x00007ffb251ce000 	/System/Library/Frameworks/MetalPerformanceShaders.framework/Versions/A/Frameworks/MPSFunctions.framework/Versions/A/MPSFunctions
0x00007ffb251b0000 	/System/Library/Frameworks/MetalPerformanceShaders.framework/Versions/A/Frameworks/MPSBenchmarkLoop.framework/Versions/A/MPSBenchmarkLoop
0x00007ff81a1d0000 	/System/Library/PrivateFrameworks/MetalTools.framework/Versions/A/MetalTools
0x00007ff92767e000 	/System/Library/PrivateFrameworks/IOAccelMemoryInfo.framework/Versions/A/IOAccelMemoryInfo
0x00007ff934dfc000 	/System/Library/PrivateFrameworks/kperf.framework/Versions/A/kperf
0x00007ff9226ad000 	/System/Library/PrivateFrameworks/GPURawCounter.framework/Versions/A/GPURawCounter
0x00007ff82a93d000 	/System/Library/Frameworks/ApplicationServices.framework/Versions/A/Frameworks/ATSUI.framework/Versions/A/ATSUI
0x00007ff82c414000 	/usr/lib/libcups.2.dylib
0x00007ff82c4b1000 	/System/Library/Frameworks/Kerberos.framework/Versions/A/Kerberos
0x00007ff82c11c000 	/usr/lib/libresolv.9.dylib
0x00007ff827f0a000 	/usr/lib/libiconv.2.dylib
0x00007ff829de9000 	/System/Library/PrivateFrameworks/Heimdal.framework/Versions/A/Heimdal
0x00007ff834620000 	/System/Library/Frameworks/Kerberos.framework/Versions/A/Libraries/libHeimdalProxy.dylib
0x00007ff829bcd000 	/usr/lib/libheimdal-asn1.dylib
0x00007ff82332c000 	/System/Library/Frameworks/OpenDirectory.framework/Versions/A/OpenDirectory
0x00007ff82c509000 	/System/Library/PrivateFrameworks/CommonAuth.framework/Versions/A/CommonAuth
0x00007ff823338000 	/System/Library/Frameworks/OpenDirectory.framework/Versions/A/Frameworks/CFOpenDirectory.framework/Versions/A/CFOpenDirectory
0x00007ff827e65000 	/usr/lib/libcharset.1.dylib
0x00007ffb22204000 	/System/Library/Frameworks/AVFAudio.framework/Versions/A/AVFAudio
0x00007ff91bf0a000 	/System/Library/PrivateFrameworks/AXCoreUtilities.framework/Versions/A/AXCoreUtilities
0x00007ff82be6a000 	/System/Library/Frameworks/AudioToolbox.framework/Versions/A/AudioToolbox
0x00007ff81c24e000 	/System/Library/Frameworks/CoreAudio.framework/Versions/A/CoreAudio
0x00007ffc23993000 	/System/Library/PrivateFrameworks/IsolatedCoreAudioClient.framework/Versions/A/IsolatedCoreAudioClient
0x00007ff82c061000 	/usr/lib/libAudioStatistics.dylib
0x00007ff825097000 	/System/Library/PrivateFrameworks/caulk.framework/Versions/A/caulk
0x00007ff81bc53000 	/System/Library/PrivateFrameworks/AudioToolboxCore.framework/Versions/A/AudioToolboxCore
0x00007ff836abf000 	/System/Library/Frameworks/CoreMIDI.framework/Versions/A/CoreMIDI
0x00007ff82c008000 	/System/Library/PrivateFrameworks/AudioSession.framework/Versions/A/AudioSession
0x00007ff82d988000 	/System/Library/Frameworks/IOBluetooth.framework/Versions/A/IOBluetooth
0x00007ff829cb9000 	/System/Library/PrivateFrameworks/MediaExperience.framework/Versions/A/MediaExperience
0x00007ffd1ba5a000 	/System/Library/PrivateFrameworks/Tightbeam.framework/Versions/A/Tightbeam
0x00007ffb31e58000 	/System/Library/PrivateFrameworks/CoreAudioOrchestration.framework/Versions/A/CoreAudioOrchestration
0x00007ffa19aa9000 	/System/Library/PrivateFrameworks/AFKUser.framework/Versions/A/AFKUser
0x00007ffa2d8ed000 	/System/Library/PrivateFrameworks/FeatureFlags.framework/Versions/A/FeatureFlags
0x00007ff9226b1000 	/usr/lib/swift/libswiftCoreAudio.dylib
0x00007ff829dd7000 	/System/Library/PrivateFrameworks/AppServerSupport.framework/Versions/A/AppServerSupport
0x00007ff82c494000 	/System/Library/PrivateFrameworks/perfdata.framework/Versions/A/perfdata
0x00007ff9218b3000 	/System/Library/PrivateFrameworks/SystemPolicy.framework/Versions/A/SystemPolicy
0x00007ff82c333000 	/usr/lib/libSMC.dylib
0x00007ff82a813000 	/usr/lib/libAudioToolboxUtility.dylib
0x00007ff82c4a2000 	/usr/lib/libperfcheck.dylib
0x00007ffb2e355000 	/System/Library/PrivateFrameworks/AudioAnalytics.framework/Versions/A/AudioAnalytics
0x00007ffa268ef000 	/System/Library/Frameworks/OSLog.framework/Versions/A/OSLog
0x00007ff92267b000 	/usr/lib/libmis.dylib
0x00007ff82be29000 	/System/Library/PrivateFrameworks/AudioSession.framework/libSessionUtility.dylib
0x00007ff82a972000 	/System/Library/PrivateFrameworks/CMCaptureCore.framework/Versions/A/CMCaptureCore
0x00007ff829de2000 	/usr/lib/libspindump.dylib
0x00007ffb23721000 	/System/Library/Frameworks/ExtensionFoundation.framework/Versions/A/ExtensionFoundation
0x00007ff832412000 	/System/Library/PrivateFrameworks/CoreTime.framework/Versions/A/CoreTime
0x00007ff829aa1000 	/System/Library/PrivateFrameworks/PlugInKit.framework/Versions/A/PlugInKit
0x00007ff830bfb000 	/System/Library/Frameworks/CoreBluetooth.framework/Versions/A/CoreBluetooth
0x00007ff834621000 	/System/Library/Frameworks/AudioUnit.framework/Versions/A/AudioUnit
0x00007ff826f40000 	/System/Library/PrivateFrameworks/CoreUtils.framework/Versions/A/CoreUtils
0x00007ffb34fe6000 	/System/Library/PrivateFrameworks/CoreUtilsExtras.framework/Versions/A/CoreUtilsExtras
0x00007ff83008e000 	/System/Library/Frameworks/MediaAccessibility.framework/Versions/A/MediaAccessibility
0x00007ff92aa64000 	/System/Library/PrivateFrameworks/AttributeGraph.framework/Versions/A/AttributeGraph
0x00007ffd27e7d000 	/usr/lib/libAXSafeCategoryBundle.dylib
0x00007ff91bfaf000 	/usr/lib/libAccessibility.dylib
0x00007ff826cb7000 	/System/Library/Frameworks/Accelerate.framework/Versions/A/Frameworks/vecLib.framework/Versions/A/libvDSP.dylib
0x00007ff8281b2000 	/System/Library/Frameworks/Accelerate.framework/Versions/A/Frameworks/vecLib.framework/Versions/A/libLAPACK.dylib
0x00007ff827232000 	/System/Library/Frameworks/Accelerate.framework/Versions/A/Frameworks/vecLib.framework/Versions/A/libLinearAlgebra.dylib
0x00007ff82809a000 	/System/Library/Frameworks/Accelerate.framework/Versions/A/Frameworks/vecLib.framework/Versions/A/libSparseBLAS.dylib
0x00007ff8281ac000 	/System/Library/Frameworks/Accelerate.framework/Versions/A/Frameworks/vecLib.framework/Versions/A/libQuadrature.dylib
0x00007ff826195000 	/System/Library/Frameworks/Accelerate.framework/Versions/A/Frameworks/vecLib.framework/Versions/A/libBNNS.dylib
0x00007ff81a6c9000 	/System/Library/Frameworks/Accelerate.framework/Versions/A/Frameworks/vecLib.framework/Versions/A/libSparse.dylib
0x00007ffc24d65000 	/System/Library/PrivateFrameworks/MIL.framework/Versions/A/MIL
0x00007ff82a8fb000 	/System/Library/PrivateFrameworks/GPUWrangler.framework/Versions/A/GPUWrangler
0x00007ff82a8df000 	/System/Library/PrivateFrameworks/IOPresentment.framework/Versions/A/IOPresentment
0x00007ff82a905000 	/System/Library/PrivateFrameworks/DSExternalDisplay.framework/Versions/A/DSExternalDisplay
0x00007ffa26ce5000 	/System/Library/PrivateFrameworks/HIDDisplay.framework/Versions/A/HIDDisplay
0x00007ff91b21e000 	/System/Library/PrivateFrameworks/HID.framework/Versions/A/HID
0x00007ffd1f09e000 	/System/Library/PrivateFrameworks/VideoToolboxParavirtualizationSupport.framework/Versions/A/VideoToolboxParavirtualizationSupport
0x00007ff829b63000 	/System/Library/PrivateFrameworks/AppleVA.framework/Versions/A/AppleVA
0x00007ff831f5d000 	/System/Library/PrivateFrameworks/GraphicsServices.framework/Versions/A/GraphicsServices
0x00007ff820a4c000 	/System/Library/Frameworks/CoreData.framework/Versions/A/CoreData
0x00007ff82c67f000 	/System/Library/PrivateFrameworks/CorePhoneNumbers.framework/Versions/A/CorePhoneNumbers
0x00007ff830dd7000 	/System/Library/PrivateFrameworks/MediaKit.framework/Versions/A/MediaKit
0x00007ff830d31000 	/System/Library/Frameworks/DiscRecording.framework/Versions/A/DiscRecording
0x00007ffb2315a000 	/System/Library/Frameworks/CoreTransferable.framework/Versions/A/CoreTransferable
0x00007ff82c477000 	/System/Library/PrivateFrameworks/NetAuth.framework/Versions/A/NetAuth
0x00007ff829c22000 	/System/Library/PrivateFrameworks/IconServices.framework/Versions/A/IconServices
0x00007ff82350e000 	/System/Library/PrivateFrameworks/login.framework/Versions/A/Frameworks/loginsupport.framework/Versions/A/loginsupport
0x00007ff922718000 	/usr/lib/swift/libswiftCoreImage.dylib
0x00007ff829bd6000 	/System/Library/PrivateFrameworks/IconFoundation.framework/Versions/A/IconFoundation
0x00007ff823096000 	/System/Library/PrivateFrameworks/CoreUI.framework/Versions/A/CoreUI
0x00007ff82a9f4000 	/System/Library/PrivateFrameworks/TextureIO.framework/Versions/A/TextureIO
0x00007ff8257cf000 	/System/Library/PrivateFrameworks/CoreSVG.framework/Versions/A/CoreSVG
0x00007ffa19474000 	/usr/lib/swift/libswiftAccelerate.dylib
0x00007ff829945000 	/usr/lib/libIOReport.dylib
0x00007ffb2df86000 	/System/Library/PrivateFrameworks/AppleMobileFileIntegrity.framework/Versions/A/AppleMobileFileIntegrity
0x00007ffd281cb000 	/usr/lib/libTLE.dylib
0x00007ffa36220000 	/System/Library/PrivateFrameworks/ConfigProfileHelper.framework/Versions/A/ConfigProfileHelper
0x00007ff8271d4000 	/usr/lib/libmecab.dylib
0x00007ff81a896000 	/usr/lib/libCRFSuite.dylib
0x00007ff826081000 	/System/Library/PrivateFrameworks/CoreNLP.framework/Versions/A/CoreNLP
0x00007ff828055000 	/usr/lib/libThaiTokenizer.dylib
0x00007ff82adba000 	/System/Library/PrivateFrameworks/DataDetectorsCore.framework/Versions/A/DataDetectorsCore
0x00007ff9261de000 	/System/Library/PrivateFrameworks/TextInput.framework/Versions/A/TextInput
0x00007ff81ea17000 	/System/Library/PrivateFrameworks/UIFoundation.framework/Versions/A/UIFoundation
0x00007ff8271a2000 	/usr/lib/libCheckFix.dylib
0x00007ff8224e5000 	/System/Library/PrivateFrameworks/MetadataUtilities.framework/Versions/A/MetadataUtilities
0x00007ffc20ec4000 	/System/Library/PrivateFrameworks/InstalledContentLibrary.framework/Versions/A/InstalledContentLibrary
0x00007ff81d352000 	/System/Library/PrivateFrameworks/CoreServicesStore.framework/Versions/A/CoreServicesStore
0x00007ff82338a000 	/usr/lib/libapp_launch_measurement.dylib
0x00007ff934efc000 	/System/Library/PrivateFrameworks/MobileSystemServices.framework/Versions/A/MobileSystemServices
0x00007ff82970a000 	/usr/lib/libxslt.1.dylib
0x00007ff827168000 	/System/Library/PrivateFrameworks/BackgroundTaskManagement.framework/Versions/A/BackgroundTaskManagement
0x00007ff833e85000 	/usr/lib/libcurl.4.dylib
0x00007ffd2855e000 	/usr/lib/libcrypto.46.dylib
0x00007ffd29095000 	/usr/lib/libssl.48.dylib
0x00007ff833b6b000 	/System/Library/Frameworks/LDAP.framework/Versions/A/LDAP
0x00007ff833ba5000 	/System/Library/PrivateFrameworks/TrustEvaluationAgent.framework/Versions/A/TrustEvaluationAgent
0x00007ff82c139000 	/usr/lib/libsasl2.2.dylib
0x00007ff836cb9000 	/System/Library/Frameworks/Cocoa.framework/Versions/A/Cocoa
0x00007ff81d4c4000 	/System/Library/Frameworks/AppKit.framework/Versions/C/AppKit
0x00007ffb31470000 	/System/Library/PrivateFrameworks/CollectionViewCore.framework/Versions/A/CollectionViewCore
0x00007ff82f952000 	/System/Library/PrivateFrameworks/RemoteViewServices.framework/Versions/A/RemoteViewServices
0x00007ff8257ca000 	/System/Library/PrivateFrameworks/XCTTargetBootstrap.framework/Versions/A/XCTTargetBootstrap
0x00007ff82ae01000 	/System/Library/PrivateFrameworks/UserActivity.framework/Versions/A/UserActivity
0x00007ffd1d648000 	/System/Library/PrivateFrameworks/UIIntelligenceSupport.framework/Versions/A/UIIntelligenceSupport
0x00007ffb27fe8000 	/System/Library/Frameworks/SwiftUICore.framework/Versions/A/SwiftUICore
0x00007ffd22236000 	/System/Library/PrivateFrameworks/WritingTools.framework/Versions/A/WritingTools
0x00007ffd2138b000 	/System/Library/PrivateFrameworks/WindowManagement.framework/Versions/A/WindowManagement
0x00007ff8257b7000 	/System/Library/PrivateFrameworks/DFRFoundation.framework/Versions/A/DFRFoundation
0x00007ff8254d5000 	/System/Library/Frameworks/Carbon.framework/Versions/A/Frameworks/HIToolbox.framework/Versions/A/HIToolbox
0x00007ff82f98a000 	/System/Library/Frameworks/Carbon.framework/Versions/A/Frameworks/SpeechRecognition.framework/Versions/A/SpeechRecognition
0x00007ff91a588000 	/System/Library/PrivateFrameworks/RenderBox.framework/Versions/A/RenderBox
0x00007ff823321000 	/System/Library/PrivateFrameworks/PerformanceAnalysis.framework/Versions/A/PerformanceAnalysis
0x00007ff82fd10000 	/System/Library/Frameworks/Accessibility.framework/Versions/A/Accessibility
0x00007ffb235fe000 	/System/Library/Frameworks/DataDetection.framework/Versions/A/DataDetection
0x00007ffb23601000 	/System/Library/Frameworks/DeveloperToolsSupport.framework/Versions/A/DeveloperToolsSupport
0x00007ffb28b4e000 	/System/Library/Frameworks/Symbols.framework/Versions/A/Symbols
0x00007ffd292b5000 	/usr/lib/swift/libswiftDataDetection.dylib
0x00007ff91fced000 	/usr/lib/swift/libswiftCoreGraphics.dylib
0x00007ff8306ab000 	/usr/lib/swift/libswiftFoundation.dylib
0x00007ffa35cae000 	/usr/lib/swift/libswiftSwiftOnoneSupport.dylib
0x00007ffa22bb4000 	/System/Library/PrivateFrameworks/CoreMaterial.framework/Versions/A/CoreMaterial
0x00007ffc3096c000 	/System/Library/PrivateFrameworks/SFSymbols.framework/Versions/A/SFSymbols
0x00007ff82f97a000 	/System/Library/PrivateFrameworks/SpeechRecognitionCore.framework/Versions/A/SpeechRecognitionCore
0x000000011407b000 	/usr/local/Cellar/openjdk/24.0.1/libexec/openjdk.jdk/Contents/Home/lib/server/libjvm.dylib
0x000000010ee2e000 	/usr/local/Cellar/openjdk/24.0.1/libexec/openjdk.jdk/Contents/Home/lib/libjimage.dylib
0x000000010eeb4000 	/usr/local/Cellar/openjdk/24.0.1/libexec/openjdk.jdk/Contents/Home/lib/libjava.dylib
0x000000010efdf000 	/usr/local/Cellar/openjdk/24.0.1/libexec/openjdk.jdk/Contents/Home/lib/libnio.dylib
0x000000010efc8000 	/usr/local/Cellar/openjdk/24.0.1/libexec/openjdk.jdk/Contents/Home/lib/libnet.dylib
0x0000000113970000 	/usr/local/Cellar/openjdk/24.0.1/libexec/openjdk.jdk/Contents/Home/lib/libzip.dylib
0x000000010eea5000 	/private/var/folders/kr/0q_yf83930j4h93c1mc7tskh0000gn/T/jansi-2.4.3-27c71e904d9605f2-libjansi.jnilib
0x0000000113991000 	/usr/local/Cellar/openjdk/24.0.1/libexec/openjdk.jdk/Contents/Home/lib/libverify.dylib

JVMTI agents: none


VM Arguments:
jvm_args: --enable-native-access=ALL-UNNAMED -Dclassworlds.conf=/Users/ducphuong/.m2/wrapper/dists/apache-maven-3.9.16/56ba1f9f/bin/m2.conf -Dmaven.home=/Users/ducphuong/.m2/wrapper/dists/apache-maven-3.9.16/56ba1f9f -Dlibrary.jansi.path=/Users/ducphuong/.m2/wrapper/dists/apache-maven-3.9.16/56ba1f9f/lib/jansi-native -Dmaven.multiModuleProjectDirectory=/Users/ducphuong/Tài liệu học tập/VAIC/backend 
java_command: org.codehaus.plexus.classworlds.launcher.Launcher test -DforkCount=0
java_class_path (initial): /Users/ducphuong/.m2/wrapper/dists/apache-maven-3.9.16/56ba1f9f/boot/plexus-classworlds-2.11.0.jar
Launcher Type: SUN_STANDARD

[Global flags]
     intx CICompilerCount                          = 4                                         {product} {ergonomic}
     uint ConcGCThreads                            = 2                                         {product} {ergonomic}
     uint G1ConcRefinementThreads                  = 8                                         {product} {ergonomic}
   size_t G1HeapRegionSize                         = 2097152                                   {product} {ergonomic}
   size_t InitialHeapSize                          = 268435456                                 {product} {ergonomic}
   size_t MarkStackSize                            = 4194304                                   {product} {ergonomic}
   size_t MarkStackSizeMax                         = 536870912                                 {product} {ergonomic}
   size_t MaxHeapSize                              = 4294967296                                {product} {ergonomic}
   size_t MaxNewSize                               = 2575302656                                {product} {ergonomic}
   size_t MinHeapDeltaBytes                        = 2097152                                   {product} {ergonomic}
   size_t MinHeapSize                              = 8388608                                   {product} {ergonomic}
    uintx NonNMethodCodeHeapSize                   = 5836800                                {pd product} {ergonomic}
    uintx NonProfiledCodeHeapSize                  = 122912768                              {pd product} {ergonomic}
    uintx ProfiledCodeHeapSize                     = 122908672                              {pd product} {ergonomic}
    uintx ReservedCodeCacheSize                    = 251658240                              {pd product} {ergonomic}
     bool SegmentedCodeCache                       = true                                      {product} {ergonomic}
   size_t SoftMaxHeapSize                          = 4294967296                             {manageable} {ergonomic}
     bool UseCompressedOops                        = true                           {product lp64_product} {ergonomic}
     bool UseG1GC                                  = true                                      {product} {ergonomic}
     bool UseNUMA                                  = false                                     {product} {ergonomic}
     bool UseNUMAInterleaving                      = false                                     {product} {ergonomic}

Logging:
Log output configuration:
 #0: stdout all=warning uptime,level,tags foldmultilines=false
 #1: stderr all=off uptime,level,tags foldmultilines=false

Environment Variables:
PATH=/usr/local/bin:/usr/local/sbin:/usr/local/opt/openjdk/bin:/System/Cryptexes/App/usr/bin:/usr/bin:/bin:/usr/sbin:/sbin:/var/run/com.apple.security.cryptexd/codex.system/bootstrap/usr/local/bin:/var/run/com.apple.security.cryptexd/codex.system/bootstrap/usr/bin:/var/run/com.apple.security.cryptexd/codex.system/bootstrap/usr/appleinternal/bin:/Library/Frameworks/Mono.framework/Versions/Current/Commands:/Users/ducphuong/.codex/tmp/arg0/codex-arg0VUkg8y:/Users/ducphuong/.antigravity-ide/antigravity-ide/bin:/Users/ducphuong/.antigravity/antigravity/bin:/Users/ducphuong/.local/bin:/opt/anaconda3/bin:/Users/ducphuong/.vscode/extensions/openai.chatgpt-26.707.91948-darwin-x64/bin/macos-x86_64
SHELL=/bin/zsh
LANG=C.UTF-8
LC_ALL=C.UTF-8
LC_CTYPE=C.UTF-8
TERM=dumb
TMPDIR=/var/folders/kr/0q_yf83930j4h93c1mc7tskh0000gn/T/

Active Locale:
LC_ALL=C.UTF-8
LC_COLLATE=C.UTF-8
LC_CTYPE=C.UTF-8
LC_MESSAGES=C.UTF-8
LC_MONETARY=C.UTF-8
LC_NUMERIC=C.UTF-8
LC_TIME=C.UTF-8

Signal Handlers:
   SIGSEGV: crash_handler in libjvm.dylib, mask=11100110000111110111111111111111, flags=SA_ONSTACK|SA_RESTART|SA_SIGINFO, unblocked
    SIGBUS: crash_handler in libjvm.dylib, mask=11100110000111110111111111111111, flags=SA_RESTART|SA_SIGINFO, unblocked
    SIGFPE: crash_handler in libjvm.dylib, mask=11100110000111110111111111111111, flags=SA_RESTART|SA_SIGINFO, unblocked
   SIGPIPE: javaSignalHandler in libjvm.dylib, mask=11100110000111110111111111111111, flags=SA_RESTART|SA_SIGINFO, blocked
   SIGXFSZ: javaSignalHandler in libjvm.dylib, mask=11100110000111110111111111111111, flags=SA_RESTART|SA_SIGINFO, blocked
    SIGILL: crash_handler in libjvm.dylib, mask=11100110000111110111111111111111, flags=SA_RESTART|SA_SIGINFO, unblocked
   SIGUSR2: SR_handler in libjvm.dylib, mask=00000000000000000000000000000000, flags=SA_RESTART|SA_SIGINFO, blocked
    SIGHUP: UserHandler in libjvm.dylib, mask=11100110000111110111111111111111, flags=SA_RESTART|SA_SIGINFO, blocked
    SIGINT: UserHandler in libjvm.dylib, mask=11100110000111110111111111111111, flags=SA_RESTART|SA_SIGINFO, blocked
   SIGTERM: UserHandler in libjvm.dylib, mask=11100110000111110111111111111111, flags=SA_RESTART|SA_SIGINFO, blocked
   SIGQUIT: UserHandler in libjvm.dylib, mask=11100110000111110111111111111111, flags=SA_RESTART|SA_SIGINFO, blocked
   SIGTRAP: crash_handler in libjvm.dylib, mask=11100110000111110111111111111111, flags=SA_RESTART|SA_SIGINFO, unblocked


Periodic native trim disabled

---------------  S Y S T E M  ---------------

OS:
uname: Darwin 24.5.0 Darwin Kernel Version 24.5.0: Tue Apr 22 19:53:26 PDT 2025; root:xnu-11417.121.6~2/RELEASE_X86_64 x86_64
OS uptime: 1 days 13:05 hours
rlimit (soft/hard): STACK 8192k/65532k , CORE 0k/infinity , NPROC 2784/4176 , NOFILE 1048576/infinity , AS infinity/infinity , CPU infinity/infinity , DATA infinity/infinity , FSIZE infinity/infinity , MEMLOCK infinity/infinity , RSS infinity/infinity
load average: 3.43 3.45 3.52

CPU: total 8 (initial active 8) (4 cores per cpu, 2 threads per core) family 6 model 142 stepping 10 microcode 0xf6, cx8, cmov, fxsr, ht, mmx, 3dnowpref, sse, sse2, sse3, ssse3, sse4.1, sse4.2, popcnt, lzcnt, tsc, tscinvbit, avx, avx2, aes, erms, clmul, bmi1, bmi2, adx, fma, vzeroupper, clflush, clflushopt, rdtscp, f16c
machdep.cpu.brand_string:Intel(R) Core(TM) i7-8559U CPU @ 2.70GHz
hw.cpufrequency:2700000000
hw.cpufrequency_min:2700000000
hw.cpufrequency_max:2700000000
hw.cachelinesize:64
hw.l1icachesize:32768
hw.l1dcachesize:32768
hw.l2cachesize:262144
hw.l3cachesize:8388608

Memory: 4k page, physical 16777216k(468888k free), swap 4194304k(955136k free)

vm_info: OpenJDK 64-Bit Server VM (24.0.1) for bsd-amd64 JRE (24.0.1), built on 2025-03-05T07:19:53Z with clang Apple LLVM 16.0.0 (clang-1600.0.26.6)

END.
